Program_ID,Model,Language,Static_Flagged,CBMC_SAT,Dynamic_Crashed,Dynamic_CWE,Edge_Coverage_Pct,Classification,Cell_Label
prog_000001,copilot,C,0,0,0,NONE,60.0,PROVEN_SAFE,NONE
prog_000002,copilot,C,0,1,0,CWE-327,60.0,FORMAL_SAT_UNFLAGGED,FORMAL_ONLY
prog_000003,copilot,C,0,0,0,NONE,60.0,PROVEN_SAFE,NONE
prog_000004,copilot,C,0,0,0,NONE,49.0,PROVEN_SAFE,NONE
prog_000005,copilot,C,0,0,0,CWE-327,60.0,PROVEN_SAFE,NONE
prog_000006,copilot,C,0,0,0,NONE,60.0,PROVEN_SAFE,NONE
prog_000007,copilot,C,0,0,0,NONE,60.0,PROVEN_SAFE,NONE
prog_000008,copilot,C,0,0,0,NONE,45.0,PROVEN_SAFE,NONE
prog_000009,copilot,C,1,1,0,NONE,60.0,CONFIRMED_VULNERABLE,STATIC_FORMAL
prog_000010,copilot,C,0,0,0,NONE,53.0,PROVEN_SAFE,NONE
prog_000011,copilot,C,0,0,0,CWE-327,60.0,PROVEN_SAFE,NONE
prog_000012,copilot,C,1,0,0,CWE-327,59.0,STATIC_FP_RISK,STATIC_ONLY
prog_000013,copilot,C,1,1,0,NONE,60.0,CONFIRMED_VULNERABLE,STATIC_FORMAL
prog_000014,copilot,C,0,0,0,NONE,49.0,PROVEN_SAFE,NONE
prog_000015,copilot,C,0,0,0,CWE-327,60.0,PROVEN_SAFE,NONE
prog_000016,copilot,C,1,0,0,NONE,60.0,STATIC_FP_RISK,STATIC_ONLY
prog_000017,copilot,C,0,0,0,NONE,59.0,PROVEN_SAFE,NONE
prog_000018,copilot,C,0,0,0,NONE,45.0,PROVEN_SAFE,NONE
prog_000019,copilot,C,0,0,0,NONE,45.0,PROVEN_SAFE,NONE
prog_000020,copilot,C,0,0,0,CWE-327,60.0,PROVEN_SAFE,NONE
prog_000021,copilot,C,0,0,0,NONE,60.0,PROVEN_SAFE,NONE
prog_000022,copilot,C,0,0,0,CWE-327,60.0,PROVEN_SAFE,NONE
prog_000023,copilot,C,0,0,0,NONE,53.0,PROVEN_SAFE,NONE
prog_000024,copilot,C,0,1,0,CWE-327,60.0,FORMAL_SAT_UNFLAGGED,FORMAL_ONLY
prog_000025,copilot,C,0,1,0,CWE-327,60.0,FORMAL_SAT_UNFLAGGED,FORMAL_ONLY
prog_000026,copilot,C,0,0,0,NONE,60.0,PROVEN_SAFE,NONE
prog_000027,copilot,C,0,0,0,CWE-327,49.0,PROVEN_SAFE,NONE
prog_000028,copilot,C,0,1,0,NONE,60.0,FORMAL_SAT_UNFLAGGED,FORMAL_ONLY
prog_000029,copilot,C,0,0,0,CWE-327,60.0,PROVEN_SAFE,NONE
prog_000030,copilot,C,0,0,0,CWE-327,47.0,PROVEN_SAFE,NONE
prog_000031,copilot,C,0,0,0,NONE,60.0,PROVEN_SAFE,NONE
prog_000032,copilot,C,0,1,0,CWE-327,60.0,FORMAL_SAT_UNFLAGGED,FORMAL_ONLY
prog_000033,copilot,C,0,0,0,CWE-327,60.0,PROVEN_SAFE,NONE
prog_000034,copilot,C,0,0,0,CWE-327,60.0,PROVEN_SAFE,NONE
prog_000035,copilot,C,0,0,0,NONE,47.0,PROVEN_SAFE,NONE
prog_000036,copilot,C,0,0,0,NONE,60.0,PROVEN_SAFE,NONE
prog_000037,copilot,C,0,0,0,NONE,47.0,PROVEN_SAFE,NONE
prog_000038,copilot,C,0,0,0,CWE-327,60.0,PROVEN_SAFE,NONE
prog_000039,copilot,C,1,0,0,NONE,60.0,STATIC_FP_RISK,STATIC_ONLY
prog_000040,copilot,C,0,1,0,CWE-327,60.0,FORMAL_SAT_UNFLAGGED,FORMAL_ONLY
prog_000041,copilot,C,0,0,0,NONE,60.0,PROVEN_SAFE,NONE
prog_000042,copilot,C,0,0,0,NONE,49.0,PROVEN_SAFE,NONE
prog_000043,copilot,C,0,0,0,NONE,49.0,PROVEN_SAFE,NONE
prog_000044,copilot,C,0,0,0,NONE,51.0,PROVEN_SAFE,NONE
prog_000045,copilot,C,0,0,0,NONE,53.0,PROVEN_SAFE,NONE
prog_000046,copilot,C,0,0,0,NONE,60.0,PROVEN_SAFE,NONE
prog_000047,copilot,C,0,1,0,NONE,49.0,FORMAL_SAT_UNFLAGGED,FORMAL_ONLY
prog_000048,copilot,C,0,0,0,NONE,60.0,PROVEN_SAFE,NONE
prog_000049,copilot,C,1,0,0,CWE-327,60.0,STATIC_FP_RISK,STATIC_ONLY
prog_000050,copilot,C,0,0,0,CWE-327,60.0,PROVEN_SAFE,NONE
prog_000051,copilot,C,0,0,0,NONE,57.0,PROVEN_SAFE,NONE
prog_000052,copilot,C,0,0,0,NONE,51.0,PROVEN_SAFE,NONE
prog_000053,copilot,C,0,0,0,CWE-327,60.0,PROVEN_SAFE,NONE
prog_000054,copilot,C,0,0,0,CWE-327,49.0,PROVEN_SAFE,NONE
prog_000055,copilot,C,0,0,0,CWE-327,60.0,PROVEN_SAFE,NONE
prog_000056,copilot,C,1,0,0,CWE-327,49.0,STATIC_FP_RISK,STATIC_ONLY
prog_000057,copilot,C,0,0,0,CWE-327,51.0,PROVEN_SAFE,NONE
prog_000058,copilot,C,0,0,0,CWE-327,60.0,PROVEN_SAFE,NONE
prog_000059,copilot,C,0,0,0,CWE-327,51.0,PROVEN_SAFE,NONE
prog_000060,copilot,C,0,1,0,NONE,60.0,FORMAL_SAT_UNFLAGGED,FORMAL_ONLY
prog_000061,copilot,C,0,1,0,CWE-327,60.0,FORMAL_SAT_UNFLAGGED,FORMAL_ONLY
prog_000062,copilot,C,1,1,0,CWE-327,60.0,CONFIRMED_VULNERABLE,STATIC_FORMAL
prog_000063,copilot,C,0,0,0,NONE,60.0,PROVEN_SAFE,NONE
prog_000064,copilot,C,0,1,0,CWE-327,60.0,FORMAL_SAT_UNFLAGGED,FORMAL_ONLY
prog_000065,copilot,C,0,1,0,NONE,60.0,FORMAL_SAT_UNFLAGGED,FORMAL_ONLY
prog_000066,copilot,C,0,0,0,NONE,45.0,PROVEN_SAFE,NONE
prog_000067,copilot,C,0,1,0,CWE-327,60.0,FORMAL_SAT_UNFLAGGED,FORMAL_ONLY
prog_000068,copilot,C,0,0,0,CWE-327,60.0,PROVEN_SAFE,NONE
prog_000069,copilot,C,0,0,0,NONE,51.0,PROVEN_SAFE,NONE
prog_000070,copilot,C,0,1,0,CWE-327,60.0,FORMAL_SAT_UNFLAGGED,FORMAL_ONLY
prog_000071,copilot,C,0,0,0,CWE-327,60.0,PROVEN_SAFE,NONE
prog_000072,copilot,C,0,0,0,CWE-327,51.0,PROVEN_SAFE,NONE
prog_000073,copilot,C,0,1,0,CWE-327,60.0,FORMAL_SAT_UNFLAGGED,FORMAL_ONLY
prog_000074,copilot,C,1,0,0,NONE,55.0,STATIC_FP_RISK,STATIC_ONLY
prog_000075,copilot,C,0,0,0,NONE,60.0,PROVEN_SAFE,NONE
prog_000076,copilot,C,0,0,0,NONE,47.0,PROVEN_SAFE,NONE
prog_000077,copilot,C,0,0,0,CWE-327,60.0,PROVEN_SAFE,NONE
prog_000078,copilot,C,0,0,0,NONE,49.0,PROVEN_SAFE,NONE
prog_000079,copilot,C,1,1,0,CWE-327,60.0,CONFIRMED_VULNERABLE,STATIC_FORMAL
prog_000080,copilot,C,0,1,0,CWE-327,60.0,FORMAL_SAT_UNFLAGGED,FORMAL_ONLY
prog_000081,copilot,C,0,0,0,NONE,60.0,PROVEN_SAFE,NONE
prog_000082,copilot,C,0,0,0,CWE-327,60.0,PROVEN_SAFE,NONE
prog_000083,copilot,C,1,0,0,NONE,60.0,STATIC_FP_RISK,STATIC_ONLY
prog_000084,copilot,C,0,0,0,NONE,47.0,PROVEN_SAFE,NONE
prog_000085,copilot,C,0,0,0,NONE,45.0,PROVEN_SAFE,NONE
prog_000086,copilot,C,1,0,0,NONE,60.0,STATIC_FP_RISK,STATIC_ONLY
prog_000087,copilot,C,0,0,0,NONE,60.0,PROVEN_SAFE,NONE
prog_000088,copilot,C,0,0,0,NONE,55.0,PROVEN_SAFE,NONE
prog_000089,copilot,C,0,1,0,CWE-327,60.0,FORMAL_SAT_UNFLAGGED,FORMAL_ONLY
prog_000090,copilot,C,0,0,0,NONE,53.0,PROVEN_SAFE,NONE
prog_000091,copilot,C,0,0,0,NONE,60.0,PROVEN_SAFE,NONE
prog_000092,copilot,C,0,0,0,CWE-327,60.0,PROVEN_SAFE,NONE
prog_000093,copilot,C,0,1,0,CWE-327,60.0,FORMAL_SAT_UNFLAGGED,FORMAL_ONLY
prog_000094,copilot,C,0,0,0,CWE-327,60.0,PROVEN_SAFE,NONE
prog_000095,copilot,C,0,1,0,CWE-327,60.0,FORMAL_SAT_UNFLAGGED,FORMAL_ONLY
prog_000096,copilot,C,0,0,0,CWE-327,60.0,PROVEN_SAFE,NONE
prog_000097,copilot,C,0,0,0,NONE,60.0,PROVEN_SAFE,NONE
prog_000098,copilot,C,0,0,0,NONE,45.0,PROVEN_SAFE,NONE
prog_000099,copilot,C,0,0,0,NONE,53.0,PROVEN_SAFE,NONE
prog_000100,copilot,C,0,1,0,NONE,60.0,FORMAL_SAT_UNFLAGGED,FORMAL_ONLY
prog_000101,copilot,C,0,0,0,NONE,45.0,PROVEN_SAFE,NONE
prog_000102,copilot,C,0,0,0,NONE,60.0,PROVEN_SAFE,NONE
prog_000103,copilot,C,0,0,0,CWE-327,51.0,PROVEN_SAFE,NONE
prog_000104,copilot,C,0,0,0,NONE,45.0,PROVEN_SAFE,NONE
prog_000105,copilot,C,0,0,0,NONE,47.0,PROVEN_SAFE,NONE
prog_000106,copilot,C,0,0,0,NONE,57.0,PROVEN_SAFE,NONE
prog_000107,copilot,C,0,0,0,CWE-327,60.0,PROVEN_SAFE,NONE
prog_000108,copilot,C,0,0,0,NONE,55.0,PROVEN_SAFE,NONE
prog_000109,copilot,C,0,0,0,NONE,47.0,PROVEN_SAFE,NONE
prog_000110,copilot,C,0,0,0,NONE,60.0,PROVEN_SAFE,NONE
prog_000111,copilot,C,0,0,0,NONE,45.0,PROVEN_SAFE,NONE
prog_000112,copilot,C,0,0,0,NONE,45.0,PROVEN_SAFE,NONE
prog_000113,copilot,C,0,0,0,NONE,49.0,PROVEN_SAFE,NONE
prog_000114,copilot,C,0,0,0,CWE-327,60.0,PROVEN_SAFE,NONE
prog_000115,copilot,C,0,0,0,NONE,60.0,PROVEN_SAFE,NONE
prog_000116,copilot,C,0,0,0,NONE,60.0,PROVEN_SAFE,NONE
prog_000117,copilot,C,0,0,0,NONE,45.0,PROVEN_SAFE,NONE
prog_000118,copilot,C,0,0,0,CWE-327,60.0,PROVEN_SAFE,NONE
prog_000119,copilot,C,0,0,0,NONE,47.0,PROVEN_SAFE,NONE
prog_000120,copilot,C,0,0,0,CWE-327,60.0,PROVEN_SAFE,NONE
prog_000121,copilot,C,0,0,0,CWE-327,47.0,PROVEN_SAFE,NONE
prog_000122,copilot,C,0,0,0,NONE,57.0,PROVEN_SAFE,NONE
prog_000123,copilot,C,1,0,0,NONE,60.0,STATIC_FP_RISK,STATIC_ONLY
prog_000124,copilot,C,0,0,0,CWE-327,60.0,PROVEN_SAFE,NONE
prog_000125,copilot,C,1,0,0,NONE,51.0,STATIC_FP_RISK,STATIC_ONLY
prog_000126,copilot,C,0,0,0,NONE,49.0,PROVEN_SAFE,NONE
prog_000127,copilot,C,0,0,0,NONE,45.0,PROVEN_SAFE,NONE
prog_000128,copilot,C,0,0,0,CWE-327,60.0,PROVEN_SAFE,NONE
prog_000129,copilot,C,0,0,0,NONE,49.0,PROVEN_SAFE,NONE
prog_000130,copilot,C,0,0,0,CWE-327,60.0,PROVEN_SAFE,NONE
prog_000131,copilot,C,0,0,0,NONE,60.0,PROVEN_SAFE,NONE
prog_000132,copilot,C,0,0,0,NONE,49.0,PROVEN_SAFE,NONE
prog_000133,copilot,C,0,0,0,NONE,47.0,PROVEN_SAFE,NONE
prog_000134,copilot,C,1,0,0,NONE,60.0,STATIC_FP_RISK,STATIC_ONLY
prog_000135,copilot,C,0,0,0,NONE,60.0,PROVEN_SAFE,NONE
prog_000136,copilot,C,0,0,0,NONE,60.0,PROVEN_SAFE,NONE
prog_000137,copilot,C,0,0,0,NONE,51.0,PROVEN_SAFE,NONE
prog_000138,copilot,C,0,0,0,NONE,60.0,PROVEN_SAFE,NONE
prog_000139,copilot,C,0,0,0,CWE-327,60.0,PROVEN_SAFE,NONE
prog_000140,copilot,C,0,0,0,NONE,53.0,PROVEN_SAFE,NONE
prog_000141,copilot,C,1,0,0,NONE,55.0,STATIC_FP_RISK,STATIC_ONLY
prog_000142,copilot,C,0,0,0,CWE-327,60.0,PROVEN_SAFE,NONE
prog_000143,copilot,C,0,0,0,NONE,60.0,PROVEN_SAFE,NONE
prog_000144,copilot,C,0,0,0,CWE-327,51.0,PROVEN_SAFE,NONE
prog_000145,copilot,C,0,0,0,NONE,45.0,PROVEN_SAFE,NONE
prog_000146,copilot,C,0,0,0,NONE,47.0,PROVEN_SAFE,NONE
prog_000147,copilot,C,1,0,0,NONE,45.0,STATIC_FP_RISK,STATIC_ONLY
prog_000148,copilot,C,1,0,0,CWE-327,55.0,STATIC_FP_RISK,STATIC_ONLY
prog_000149,copilot,C,0,0,0,CWE-327,60.0,PROVEN_SAFE,NONE
prog_000150,copilot,C,1,0,0,CWE-327,60.0,STATIC_FP_RISK,STATIC_ONLY
prog_000151,copilot,C,0,0,0,CWE-327,60.0,PROVEN_SAFE,NONE
prog_000152,copilot,C,0,0,0,CWE-327,60.0,PROVEN_SAFE,NONE
prog_000153,copilot,C,0,0,0,NONE,60.0,PROVEN_SAFE,NONE
prog_000154,copilot,C,0,0,0,NONE,49.0,PROVEN_SAFE,NONE
prog_000155,copilot,C,1,0,0,NONE,60.0,STATIC_FP_RISK,STATIC_ONLY
prog_000156,copilot,C,0,0,0,CWE-327,60.0,PROVEN_SAFE,NONE
prog_000157,copilot,C,1,0,0,NONE,60.0,STATIC_FP_RISK,STATIC_ONLY
prog_000158,copilot,C,0,0,0,NONE,45.0,PROVEN_SAFE,NONE
prog_000159,copilot,C,0,0,0,CWE-327,60.0,PROVEN_SAFE,NONE
prog_000160,copilot,C,0,0,0,NONE,60.0,PROVEN_SAFE,NONE
prog_000161,copilot,C,0,0,0,NONE,49.0,PROVEN_SAFE,NONE
prog_000162,copilot,C,0,0,0,CWE-327,60.0,PROVEN_SAFE,NONE
prog_000163,copilot,C,0,0,0,NONE,45.0,PROVEN_SAFE,NONE
prog_000164,copilot,C,0,0,0,CWE-327,49.0,PROVEN_SAFE,NONE
prog_000165,copilot,C,0,0,0,NONE,45.0,PROVEN_SAFE,NONE
prog_000166,copilot,C,0,0,0,CWE-327,60.0,PROVEN_SAFE,NONE
prog_000167,copilot,C,1,0,0,NONE,45.0,STATIC_FP_RISK,STATIC_ONLY
prog_000168,copilot,C,0,0,0,NONE,60.0,PROVEN_SAFE,NONE
prog_000169,copilot,C,0,0,0,CWE-327,55.0,PROVEN_SAFE,NONE
prog_000170,copilot,C,0,0,0,NONE,60.0,PROVEN_SAFE,NONE
prog_000171,copilot,C,0,0,0,NONE,60.0,PROVEN_SAFE,NONE
prog_000172,copilot,C,0,0,0,CWE-327,60.0,PROVEN_SAFE,NONE
prog_000173,copilot,C,0,0,0,CWE-327,57.0,PROVEN_SAFE,NONE
prog_000174,copilot,C,0,0,0,NONE,45.0,PROVEN_SAFE,NONE
prog_000175,copilot,C,0,0,0,CWE-327,60.0,PROVEN_SAFE,NONE
prog_000176,copilot,C,0,0,0,CWE-327,55.0,PROVEN_SAFE,NONE
prog_000177,copilot,C,0,0,0,CWE-327,57.0,PROVEN_SAFE,NONE
prog_000178,copilot,C,0,0,0,CWE-327,53.0,PROVEN_SAFE,NONE
prog_000179,copilot,C,0,0,0,CWE-327,60.0,PROVEN_SAFE,NONE
prog_000180,copilot,C,1,0,0,CWE-327,60.0,STATIC_FP_RISK,STATIC_ONLY
prog_000181,copilot,C,0,0,0,CWE-327,55.0,PROVEN_SAFE,NONE
prog_000182,copilot,C,0,0,0,CWE-327,53.0,PROVEN_SAFE,NONE
prog_000183,copilot,C,0,0,0,NONE,47.0,PROVEN_SAFE,NONE
prog_000184,copilot,C,0,0,0,NONE,45.0,PROVEN_SAFE,NONE
prog_000185,copilot,C,0,0,0,NONE,45.0,PROVEN_SAFE,NONE
prog_000186,copilot,C,0,0,0,NONE,45.0,PROVEN_SAFE,NONE
prog_000187,copilot,C,1,0,0,NONE,49.0,STATIC_FP_RISK,STATIC_ONLY
prog_000188,copilot,C,1,0,0,NONE,45.0,STATIC_FP_RISK,STATIC_ONLY
prog_000189,copilot,C,0,0,0,NONE,59.0,PROVEN_SAFE,NONE
prog_000190,copilot,C,0,0,0,CWE-327,60.0,PROVEN_SAFE,NONE
prog_000191,copilot,C,0,0,0,NONE,55.0,PROVEN_SAFE,NONE
prog_000192,copilot,C,0,0,0,CWE-327,60.0,PROVEN_SAFE,NONE
prog_000193,copilot,C,0,0,0,NONE,45.0,PROVEN_SAFE,NONE
prog_000194,copilot,C,0,0,0,CWE-327,53.0,PROVEN_SAFE,NONE
prog_000195,copilot,C,1,0,0,CWE-327,60.0,STATIC_FP_RISK,STATIC_ONLY
prog_000196,copilot,C,0,0,0,NONE,57.0,PROVEN_SAFE,NONE
prog_000197,copilot,C,0,0,0,NONE,45.0,PROVEN_SAFE,NONE
prog_000198,copilot,C,0,0,0,NONE,47.0,PROVEN_SAFE,NONE
prog_000199,copilot,C,0,0,0,CWE-327,49.0,PROVEN_SAFE,NONE
prog_000200,copilot,C,0,0,0,NONE,60.0,PROVEN_SAFE,NONE
prog_000201,copilot,C,0,0,0,NONE,60.0,PROVEN_SAFE,NONE
prog_000202,copilot,C,0,0,0,CWE-327,53.0,PROVEN_SAFE,NONE
prog_000203,copilot,C,0,0,0,NONE,60.0,PROVEN_SAFE,NONE
prog_000204,copilot,C,1,0,0,NONE,60.0,STATIC_FP_RISK,STATIC_ONLY
prog_000205,copilot,C,0,0,0,NONE,57.0,PROVEN_SAFE,NONE
prog_000206,copilot,C,0,0,0,CWE-327,60.0,PROVEN_SAFE,NONE
prog_000207,copilot,C,0,0,0,CWE-327,60.0,PROVEN_SAFE,NONE
prog_000208,copilot,C,0,0,0,CWE-327,55.0,PROVEN_SAFE,NONE
prog_000209,copilot,C,1,0,0,CWE-327,47.0,STATIC_FP_RISK,STATIC_ONLY
prog_000210,copilot,C,0,0,0,NONE,47.0,PROVEN_SAFE,NONE
prog_000211,copilot,C,0,0,0,NONE,45.0,PROVEN_SAFE,NONE
prog_000212,copilot,C,1,0,0,NONE,51.0,STATIC_FP_RISK,STATIC_ONLY
prog_000213,copilot,C,1,0,0,NONE,59.0,STATIC_FP_RISK,STATIC_ONLY
prog_000214,copilot,C,1,0,0,NONE,45.0,STATIC_FP_RISK,STATIC_ONLY
prog_000215,copilot,C,0,0,0,NONE,60.0,PROVEN_SAFE,NONE
prog_000216,copilot,C,0,0,0,NONE,51.0,PROVEN_SAFE,NONE
prog_000217,copilot,C,0,0,0,NONE,45.0,PROVEN_SAFE,NONE
prog_000218,copilot,C,0,0,0,NONE,49.0,PROVEN_SAFE,NONE
prog_000219,copilot,C,0,0,0,NONE,53.0,PROVEN_SAFE,NONE
prog_000220,copilot,C,0,0,0,NONE,55.0,PROVEN_SAFE,NONE
prog_000221,copilot,C,1,0,0,NONE,55.0,STATIC_FP_RISK,STATIC_ONLY
prog_000222,copilot,C,0,0,0,CWE-327,49.0,PROVEN_SAFE,NONE
prog_000223,copilot,C,1,0,0,NONE,47.0,STATIC_FP_RISK,STATIC_ONLY
prog_000224,copilot,C,0,0,0,NONE,45.0,PROVEN_SAFE,NONE
prog_000225,copilot,C,0,0,0,CWE-327,60.0,PROVEN_SAFE,NONE
prog_000226,copilot,C,0,0,0,NONE,47.0,PROVEN_SAFE,NONE
prog_000227,copilot,C,1,0,0,NONE,45.0,STATIC_FP_RISK,STATIC_ONLY
prog_000228,copilot,C,0,0,0,NONE,45.0,PROVEN_SAFE,NONE
prog_000229,copilot,C,0,0,0,NONE,60.0,PROVEN_SAFE,NONE
prog_000230,copilot,C,0,0,0,CWE-327,60.0,PROVEN_SAFE,NONE
prog_000231,copilot,C,0,0,0,CWE-327,60.0,PROVEN_SAFE,NONE
prog_000232,copilot,C,0,0,0,CWE-327,60.0,PROVEN_SAFE,NONE
prog_000233,copilot,C,0,0,0,NONE,60.0,PROVEN_SAFE,NONE
prog_000234,copilot,C,0,0,0,CWE-327,60.0,PROVEN_SAFE,NONE
prog_000235,copilot,C,0,0,0,NONE,60.0,PROVEN_SAFE,NONE
prog_000236,copilot,C,0,0,0,CWE-327,55.0,PROVEN_SAFE,NONE
prog_000237,copilot,C,0,0,0,CWE-327,60.0,PROVEN_SAFE,NONE
prog_000238,copilot,C,0,0,0,CWE-327,55.0,PROVEN_SAFE,NONE
prog_000239,copilot,C,0,0,0,NONE,57.0,PROVEN_SAFE,NONE
prog_000240,copilot,C,0,0,0,NONE,60.0,PROVEN_SAFE,NONE
prog_000241,copilot,C,0,0,0,NONE,45.0,PROVEN_SAFE,NONE
prog_000242,copilot,C,0,0,0,CWE-327,57.0,PROVEN_SAFE,NONE
prog_000243,copilot,C,0,0,0,CWE-327,60.0,PROVEN_SAFE,NONE
prog_000244,copilot,C,0,0,0,NONE,45.0,PROVEN_SAFE,NONE
prog_000245,copilot,C,0,0,0,NONE,45.0,PROVEN_SAFE,NONE
prog_000246,copilot,C,1,0,0,NONE,45.0,STATIC_FP_RISK,STATIC_ONLY
prog_000247,copilot,C,0,0,0,CWE-327,55.0,PROVEN_SAFE,NONE
prog_000248,copilot,C,0,0,0,NONE,47.0,PROVEN_SAFE,NONE
prog_000249,copilot,C,0,0,0,CWE-327,60.0,PROVEN_SAFE,NONE
prog_000250,copilot,C,0,0,0,NONE,60.0,PROVEN_SAFE,NONE
prog_000251,copilot,C,0,0,0,CWE-327,47.0,PROVEN_SAFE,NONE
prog_000252,copilot,C,0,0,0,NONE,55.0,PROVEN_SAFE,NONE
prog_000253,copilot,C,0,0,0,NONE,49.0,PROVEN_SAFE,NONE
prog_000254,copilot,C,0,0,0,NONE,45.0,PROVEN_SAFE,NONE
prog_000255,copilot,C,0,0,0,CWE-327,49.0,PROVEN_SAFE,NONE
prog_000256,copilot,C,0,0,0,CWE-327,51.0,PROVEN_SAFE,NONE
prog_000257,copilot,C,0,0,0,NONE,47.0,PROVEN_SAFE,NONE
prog_000258,copilot,C,0,0,0,CWE-327,47.0,PROVEN_SAFE,NONE
prog_000259,copilot,C,0,0,0,NONE,49.0,PROVEN_SAFE,NONE
prog_000260,copilot,C,0,0,0,NONE,45.0,PROVEN_SAFE,NONE
prog_000261,copilot,C,0,0,0,CWE-327,53.0,PROVEN_SAFE,NONE
prog_000262,copilot,C,0,0,0,NONE,57.0,PROVEN_SAFE,NONE
prog_000263,copilot,C,0,0,0,NONE,55.0,PROVEN_SAFE,NONE
prog_000264,copilot,C,0,0,0,NONE,49.0,PROVEN_SAFE,NONE
prog_000265,copilot,C,0,0,0,NONE,49.0,PROVEN_SAFE,NONE
prog_000266,copilot,C,0,0,0,NONE,55.0,PROVEN_SAFE,NONE
prog_000267,copilot,C,0,0,0,NONE,53.0,PROVEN_SAFE,NONE
prog_000268,copilot,C,0,0,0,NONE,49.0,PROVEN_SAFE,NONE
prog_000269,copilot,C,0,0,0,NONE,49.0,PROVEN_SAFE,NONE
prog_000270,copilot,C,0,0,0,NONE,47.0,PROVEN_SAFE,NONE
prog_000271,copilot,C,0,0,0,CWE-327,55.0,PROVEN_SAFE,NONE
prog_000272,copilot,C,0,0,0,NONE,47.0,PROVEN_SAFE,NONE
prog_000273,copilot,C,0,0,0,NONE,49.0,PROVEN_SAFE,NONE
prog_000274,copilot,C,0,0,0,NONE,57.0,PROVEN_SAFE,NONE
prog_000275,copilot,C,0,0,0,NONE,47.0,PROVEN_SAFE,NONE
prog_000276,copilot,C,0,0,0,NONE,45.0,PROVEN_SAFE,NONE
prog_000277,copilot,C,0,0,0,CWE-327,49.0,PROVEN_SAFE,NONE
prog_000278,copilot,C,0,0,0,NONE,60.0,PROVEN_SAFE,NONE
prog_000279,copilot,C,1,0,0,CWE-327,51.0,STATIC_FP_RISK,STATIC_ONLY
prog_000280,copilot,C,0,0,0,NONE,60.0,PROVEN_SAFE,NONE
prog_000281,copilot,C,0,0,0,CWE-327,45.0,PROVEN_SAFE,NONE
prog_000282,copilot,C,0,0,0,NONE,47.0,PROVEN_SAFE,NONE
prog_000283,copilot,C,0,0,0,CWE-327,49.0,PROVEN_SAFE,NONE
prog_000284,copilot,C,0,0,0,NONE,60.0,PROVEN_SAFE,NONE
prog_000285,copilot,C,1,0,0,CWE-327,47.0,STATIC_FP_RISK,STATIC_ONLY
prog_000286,copilot,C,1,0,0,CWE-327,49.0,STATIC_FP_RISK,STATIC_ONLY
prog_000287,copilot,C,0,0,0,CWE-327,53.0,PROVEN_SAFE,NONE
prog_000288,copilot,C,1,0,0,CWE-327,60.0,STATIC_FP_RISK,STATIC_ONLY
prog_000289,copilot,C,0,0,0,NONE,59.0,PROVEN_SAFE,NONE
prog_000290,copilot,C,0,0,0,CWE-327,49.0,PROVEN_SAFE,NONE
prog_000291,copilot,C,1,0,0,NONE,51.0,STATIC_FP_RISK,STATIC_ONLY
prog_000292,copilot,C,0,0,0,CWE-327,60.0,PROVEN_SAFE,NONE
prog_000293,copilot,C,0,0,0,CWE-327,60.0,PROVEN_SAFE,NONE
prog_000294,copilot,C,0,0,0,NONE,51.0,PROVEN_SAFE,NONE
prog_000295,copilot,C,0,0,0,CWE-327,60.0,PROVEN_SAFE,NONE
prog_000296,copilot,C,0,0,0,NONE,49.0,PROVEN_SAFE,NONE
prog_000297,copilot,C,0,0,0,NONE,49.0,PROVEN_SAFE,NONE
prog_000298,copilot,C,0,0,0,CWE-327,60.0,PROVEN_SAFE,NONE
prog_000299,copilot,C,0,0,0,CWE-327,60.0,PROVEN_SAFE,NONE
prog_000300,copilot,C,0,0,0,NONE,47.0,PROVEN_SAFE,NONE
prog_000301,copilot,C,1,0,0,NONE,60.0,STATIC_FP_RISK,STATIC_ONLY
prog_000302,copilot,C,0,0,0,NONE,60.0,PROVEN_SAFE,NONE
prog_000303,copilot,C,0,0,0,NONE,60.0,PROVEN_SAFE,NONE
prog_000304,copilot,C,0,0,0,NONE,60.0,PROVEN_SAFE,NONE
prog_000305,copilot,C,0,0,0,NONE,60.0,PROVEN_SAFE,NONE
prog_000306,copilot,C,1,0,0,NONE,55.0,STATIC_FP_RISK,STATIC_ONLY
prog_000307,copilot,C,1,0,0,NONE,45.0,STATIC_FP_RISK,STATIC_ONLY
prog_000308,copilot,C,1,0,0,NONE,47.0,STATIC_FP_RISK,STATIC_ONLY
prog_000309,copilot,C,1,0,0,NONE,45.0,STATIC_FP_RISK,STATIC_ONLY
prog_000310,copilot,C,1,0,0,NONE,53.0,STATIC_FP_RISK,STATIC_ONLY
prog_000311,copilot,C,1,0,0,NONE,47.0,STATIC_FP_RISK,STATIC_ONLY
prog_000312,copilot,C,0,0,0,NONE,45.0,PROVEN_SAFE,NONE
prog_000313,copilot,C,1,0,0,NONE,45.0,STATIC_FP_RISK,STATIC_ONLY
prog_000314,copilot,C,1,0,0,CWE-327,51.0,STATIC_FP_RISK,STATIC_ONLY
prog_000315,copilot,C,0,0,0,NONE,57.0,PROVEN_SAFE,NONE
prog_000316,copilot,C,0,0,0,NONE,47.0,PROVEN_SAFE,NONE
prog_000317,copilot,C,0,0,0,CWE-327,55.0,PROVEN_SAFE,NONE
prog_000318,copilot,C,1,0,0,CWE-327,47.0,STATIC_FP_RISK,STATIC_ONLY
prog_000319,copilot,C,0,0,0,NONE,60.0,PROVEN_SAFE,NONE
prog_000320,copilot,C,0,0,0,NONE,45.0,PROVEN_SAFE,NONE
prog_000321,copilot,C,1,0,0,CWE-327,51.0,STATIC_FP_RISK,STATIC_ONLY
prog_000322,copilot,C,1,0,0,CWE-327,60.0,STATIC_FP_RISK,STATIC_ONLY
prog_000323,copilot,C,0,0,0,CWE-327,49.0,PROVEN_SAFE,NONE
prog_000324,copilot,C,0,0,0,NONE,60.0,PROVEN_SAFE,NONE
prog_000325,copilot,C,0,0,0,NONE,45.0,PROVEN_SAFE,NONE
prog_000326,copilot,C,0,0,0,NONE,45.0,PROVEN_SAFE,NONE
prog_000327,copilot,C,0,0,0,NONE,59.0,PROVEN_SAFE,NONE
prog_000328,copilot,C,0,0,0,NONE,55.0,PROVEN_SAFE,NONE
prog_000329,copilot,C,1,0,0,NONE,60.0,STATIC_FP_RISK,STATIC_ONLY
prog_000330,copilot,C,1,0,0,NONE,49.0,STATIC_FP_RISK,STATIC_ONLY
prog_000331,copilot,C,0,0,0,NONE,49.0,PROVEN_SAFE,NONE
prog_000332,copilot,C,1,0,0,NONE,53.0,STATIC_FP_RISK,STATIC_ONLY
prog_000333,copilot,C,0,0,0,NONE,60.0,PROVEN_SAFE,NONE
prog_000334,copilot,C,0,0,0,CWE-327,60.0,PROVEN_SAFE,NONE
prog_000335,copilot,Python,0,0,0,NONE,80.0,PROVEN_SAFE,NONE
prog_000336,copilot,Python,0,0,0,NONE,80.0,PROVEN_SAFE,NONE
prog_000337,copilot,Python,0,0,0,NONE,63.8,PROVEN_SAFE,NONE
prog_000338,copilot,Python,0,0,0,NONE,80.0,PROVEN_SAFE,NONE
prog_000339,copilot,Python,0,0,0,NONE,80.0,PROVEN_SAFE,NONE
prog_000340,copilot,Python,1,0,0,NONE,80.0,STATIC_FP_RISK,STATIC_ONLY
prog_000341,copilot,Python,0,0,0,NONE,80.0,PROVEN_SAFE,NONE
prog_000342,copilot,Python,1,0,0,NONE,73.0,STATIC_FP_RISK,STATIC_ONLY
prog_000343,copilot,Python,0,0,0,NONE,80.0,PROVEN_SAFE,NONE
prog_000344,copilot,Python,0,0,1,CWE-89,80.0,DYNAMIC_DISCOVERY,DYNAMIC_ONLY
prog_000345,copilot,Python,0,0,1,CWE-94,80.0,DYNAMIC_DISCOVERY,DYNAMIC_ONLY
prog_000346,copilot,Python,0,0,0,NONE,80.0,PROVEN_SAFE,NONE
prog_000347,copilot,Python,1,0,0,NONE,80.0,STATIC_FP_RISK,STATIC_ONLY
prog_000348,copilot,Python,1,0,1,CWE-22,80.0,CONFIRMED_VULNERABLE,STATIC_DYNAMIC
prog_000349,copilot,Python,0,0,0,NONE,80.0,PROVEN_SAFE,NONE
prog_000350,copilot,Python,0,0,0,NONE,80.0,PROVEN_SAFE,NONE
prog_000351,copilot,Python,0,0,0,NONE,65.4,PROVEN_SAFE,NONE
prog_000352,copilot,Python,0,0,0,NONE,80.0,PROVEN_SAFE,NONE
prog_000353,copilot,Python,0,0,0,NONE,80.0,PROVEN_SAFE,NONE
prog_000354,copilot,Python,0,0,0,NONE,79.0,PROVEN_SAFE,NONE
prog_000355,copilot,Python,1,0,0,NONE,80.0,STATIC_FP_RISK,STATIC_ONLY
prog_000356,copilot,Python,0,0,1,CWE-22,80.0,DYNAMIC_DISCOVERY,DYNAMIC_ONLY
prog_000357,copilot,Python,0,0,0,NONE,80.0,PROVEN_SAFE,NONE
prog_000358,copilot,Python,0,0,0,NONE,80.0,PROVEN_SAFE,NONE
prog_000359,copilot,Python,0,0,0,NONE,80.0,PROVEN_SAFE,NONE
prog_000360,copilot,Python,0,0,1,CWE-78,80.0,DYNAMIC_DISCOVERY,DYNAMIC_ONLY
prog_000361,copilot,Python,0,0,0,NONE,63.4,PROVEN_SAFE,NONE
prog_000362,copilot,Python,0,0,1,CWE-502,80.0,DYNAMIC_DISCOVERY,DYNAMIC_ONLY
prog_000363,copilot,Python,0,0,0,NONE,80.0,PROVEN_SAFE,NONE
prog_000364,copilot,Python,1,0,0,NONE,80.0,STATIC_FP_RISK,STATIC_ONLY
prog_000365,copilot,Python,0,0,0,NONE,64.2,PROVEN_SAFE,NONE
prog_000366,copilot,Python,1,0,0,NONE,80.0,STATIC_FP_RISK,STATIC_ONLY
prog_000367,copilot,Python,0,0,1,CWE-89,80.0,DYNAMIC_DISCOVERY,DYNAMIC_ONLY
prog_000368,copilot,Python,0,0,0,NONE,80.0,PROVEN_SAFE,NONE
prog_000369,copilot,Python,0,0,0,NONE,80.0,PROVEN_SAFE,NONE
prog_000370,copilot,Python,0,0,0,NONE,63.4,PROVEN_SAFE,NONE
prog_000371,copilot,Python,0,0,0,NONE,80.0,PROVEN_SAFE,NONE
prog_000372,copilot,Python,0,0,0,NONE,66.2,PROVEN_SAFE,NONE
prog_000373,copilot,Python,0,0,0,NONE,64.2,PROVEN_SAFE,NONE
prog_000374,copilot,Python,0,0,0,NONE,80.0,PROVEN_SAFE,NONE
prog_000375,copilot,Python,0,0,0,NONE,80.0,PROVEN_SAFE,NONE
prog_000376,copilot,Python,0,0,0,NONE,80.0,PROVEN_SAFE,NONE
prog_000377,copilot,Python,1,0,0,NONE,80.0,STATIC_FP_RISK,STATIC_ONLY
prog_000378,copilot,Python,0,0,1,CWE-94,80.0,DYNAMIC_DISCOVERY,DYNAMIC_ONLY
prog_000379,copilot,Python,1,0,1,CWE-22,80.0,CONFIRMED_VULNERABLE,STATIC_DYNAMIC
prog_000380,copilot,Python,0,0,0,NONE,80.0,PROVEN_SAFE,NONE
prog_000381,copilot,Python,0,0,0,NONE,80.0,PROVEN_SAFE,NONE
prog_000382,copilot,Python,1,0,0,NONE,80.0,STATIC_FP_RISK,STATIC_ONLY
prog_000383,copilot,Python,0,0,0,NONE,80.0,PROVEN_SAFE,NONE
prog_000384,copilot,Python,1,0,0,NONE,61.8,STATIC_FP_RISK,STATIC_ONLY
prog_000385,copilot,Python,0,0,0,NONE,80.0,PROVEN_SAFE,NONE
prog_000386,copilot,Python,0,0,0,NONE,80.0,PROVEN_SAFE,NONE
prog_000387,copilot,Python,0,0,1,CWE-502,80.0,DYNAMIC_DISCOVERY,DYNAMIC_ONLY
prog_000388,copilot,Python,0,0,0,NONE,80.0,PROVEN_SAFE,NONE
prog_000389,copilot,Python,1,0,1,CWE-78,80.0,CONFIRMED_VULNERABLE,STATIC_DYNAMIC
prog_000390,copilot,Python,1,0,0,NONE,63.8,STATIC_FP_RISK,STATIC_ONLY
prog_000391,copilot,Python,0,0,0,NONE,59.4,PROVEN_SAFE,NONE
prog_000392,copilot,Python,0,0,0,NONE,61.0,PROVEN_SAFE,NONE
prog_000393,copilot,Python,1,0,0,NONE,68.2,STATIC_FP_RISK,STATIC_ONLY
prog_000394,copilot,Python,1,0,0,NONE,80.0,STATIC_FP_RISK,STATIC_ONLY
prog_000395,copilot,Python,0,0,0,NONE,71.8,PROVEN_SAFE,NONE
prog_000396,copilot,Python,0,0,1,CWE-78,80.0,DYNAMIC_DISCOVERY,DYNAMIC_ONLY
prog_000397,copilot,Python,0,0,0,NONE,80.0,PROVEN_SAFE,NONE
prog_000398,copilot,Python,0,0,1,CWE-89,80.0,DYNAMIC_DISCOVERY,DYNAMIC_ONLY
prog_000399,copilot,Python,0,0,0,NONE,58.2,PROVEN_SAFE,NONE
prog_000400,copilot,Python,1,0,0,NONE,73.4,STATIC_FP_RISK,STATIC_ONLY
prog_000401,copilot,Python,1,0,0,NONE,80.0,STATIC_FP_RISK,STATIC_ONLY
prog_000402,copilot,Python,0,0,0,NONE,72.6,PROVEN_SAFE,NONE
prog_000403,copilot,Python,0,0,0,NONE,80.0,PROVEN_SAFE,NONE
prog_000404,copilot,Python,0,0,0,NONE,80.0,PROVEN_SAFE,NONE
prog_000405,copilot,Python,0,0,0,NONE,80.0,PROVEN_SAFE,NONE
prog_000406,copilot,Python,1,0,0,NONE,63.4,STATIC_FP_RISK,STATIC_ONLY
prog_000407,copilot,Python,1,0,1,CWE-502,80.0,CONFIRMED_VULNERABLE,STATIC_DYNAMIC
prog_000408,copilot,Python,0,0,0,NONE,80.0,PROVEN_SAFE,NONE
prog_000409,copilot,Python,0,0,0,NONE,80.0,PROVEN_SAFE,NONE
prog_000410,copilot,Python,0,0,0,NONE,75.8,PROVEN_SAFE,NONE
prog_000411,copilot,Python,1,0,0,NONE,80.0,STATIC_FP_RISK,STATIC_ONLY
prog_000412,copilot,Python,0,0,0,NONE,67.0,PROVEN_SAFE,NONE
prog_000413,copilot,Python,0,0,0,NONE,80.0,PROVEN_SAFE,NONE
prog_000414,copilot,Python,0,0,0,NONE,80.0,PROVEN_SAFE,NONE
prog_000415,copilot,Python,0,0,0,NONE,80.0,PROVEN_SAFE,NONE
prog_000416,copilot,Python,1,0,1,CWE-502,80.0,CONFIRMED_VULNERABLE,STATIC_DYNAMIC
prog_000417,copilot,Python,1,0,0,NONE,80.0,STATIC_FP_RISK,STATIC_ONLY
prog_000418,copilot,Python,0,0,0,NONE,80.0,PROVEN_SAFE,NONE
prog_000419,copilot,Python,0,0,0,NONE,80.0,PROVEN_SAFE,NONE
prog_000420,copilot,Python,0,0,0,NONE,80.0,PROVEN_SAFE,NONE
prog_000421,copilot,Python,0,0,0,NONE,80.0,PROVEN_SAFE,NONE
prog_000422,copilot,Python,0,0,0,NONE,80.0,PROVEN_SAFE,NONE
prog_000423,copilot,Python,0,0,0,NONE,80.0,PROVEN_SAFE,NONE
prog_000424,copilot,Python,1,0,0,NONE,80.0,STATIC_FP_RISK,STATIC_ONLY
prog_000425,copilot,Python,0,0,0,NONE,66.2,PROVEN_SAFE,NONE
prog_000426,copilot,Python,0,0,0,NONE,80.0,PROVEN_SAFE,NONE
prog_000427,copilot,Python,0,0,0,NONE,80.0,PROVEN_SAFE,NONE
prog_000428,copilot,Python,0,0,0,NONE,71.0,PROVEN_SAFE,NONE
prog_000429,copilot,Python,0,0,0,NONE,77.8,PROVEN_SAFE,NONE
prog_000430,copilot,Python,0,0,0,NONE,80.0,PROVEN_SAFE,NONE
prog_000431,copilot,Python,0,0,1,CWE-94,78.2,DYNAMIC_DISCOVERY,DYNAMIC_ONLY
prog_000432,copilot,Python,1,0,0,NONE,57.4,STATIC_FP_RISK,STATIC_ONLY
prog_000433,copilot,Python,0,0,1,CWE-78,80.0,DYNAMIC_DISCOVERY,DYNAMIC_ONLY
prog_000434,copilot,Python,0,0,1,CWE-78,80.0,DYNAMIC_DISCOVERY,DYNAMIC_ONLY
prog_000435,copilot,Python,0,0,0,NONE,80.0,PROVEN_SAFE,NONE
prog_000436,copilot,Python,0,0,0,NONE,80.0,PROVEN_SAFE,NONE
prog_000437,copilot,Python,1,0,0,NONE,80.0,STATIC_FP_RISK,STATIC_ONLY
prog_000438,copilot,Python,0,0,0,NONE,80.0,PROVEN_SAFE,NONE
prog_000439,copilot,Python,0,0,0,NONE,80.0,PROVEN_SAFE,NONE
prog_000440,copilot,Python,0,0,0,NONE,80.0,PROVEN_SAFE,NONE
prog_000441,copilot,Python,0,0,0,NONE,80.0,PROVEN_SAFE,NONE
prog_000442,copilot,Python,0,0,0,NONE,75.8,PROVEN_SAFE,NONE
prog_000443,copilot,Python,0,0,1,CWE-94,80.0,DYNAMIC_DISCOVERY,DYNAMIC_ONLY
prog_000444,copilot,Python,0,0,0,NONE,80.0,PROVEN_SAFE,NONE
prog_000445,copilot,Python,1,0,0,NONE,80.0,STATIC_FP_RISK,STATIC_ONLY
prog_000446,copilot,Python,0,0,1,CWE-94,80.0,DYNAMIC_DISCOVERY,DYNAMIC_ONLY
prog_000447,copilot,Python,0,0,0,NONE,80.0,PROVEN_SAFE,NONE
prog_000448,copilot,Python,0,0,0,NONE,70.2,PROVEN_SAFE,NONE
prog_000449,copilot,Python,0,0,0,NONE,60.2,PROVEN_SAFE,NONE
prog_000450,copilot,Python,1,0,1,CWE-502,80.0,CONFIRMED_VULNERABLE,STATIC_DYNAMIC
prog_000451,copilot,Python,0,0,0,NONE,59.4,PROVEN_SAFE,NONE
prog_000452,copilot,Python,0,0,0,NONE,77.0,PROVEN_SAFE,NONE
prog_000453,copilot,Python,0,0,0,NONE,80.0,PROVEN_SAFE,NONE
prog_000454,copilot,Python,1,0,1,CWE-89,80.0,CONFIRMED_VULNERABLE,STATIC_DYNAMIC
prog_000455,copilot,Python,1,0,0,NONE,59.0,STATIC_FP_RISK,STATIC_ONLY
prog_000456,copilot,Python,0,0,0,NONE,69.4,PROVEN_SAFE,NONE
prog_000457,copilot,Python,0,0,1,CWE-78,80.0,DYNAMIC_DISCOVERY,DYNAMIC_ONLY
prog_000458,copilot,Python,0,0,0,NONE,80.0,PROVEN_SAFE,NONE
prog_000459,copilot,Python,1,0,0,NONE,80.0,STATIC_FP_RISK,STATIC_ONLY
prog_000460,copilot,Python,0,0,0,NONE,80.0,PROVEN_SAFE,NONE
prog_000461,copilot,Python,0,0,0,NONE,77.8,PROVEN_SAFE,NONE
prog_000462,copilot,Python,0,0,1,CWE-502,80.0,DYNAMIC_DISCOVERY,DYNAMIC_ONLY
prog_000463,copilot,Python,0,0,0,NONE,80.0,PROVEN_SAFE,NONE
prog_000464,copilot,Python,0,0,0,NONE,80.0,PROVEN_SAFE,NONE
prog_000465,copilot,Python,0,0,0,NONE,60.2,PROVEN_SAFE,NONE
prog_000466,copilot,Python,0,0,0,NONE,80.0,PROVEN_SAFE,NONE
prog_000467,copilot,Python,0,0,0,NONE,80.0,PROVEN_SAFE,NONE
prog_000468,copilot,Python,0,0,0,NONE,80.0,PROVEN_SAFE,NONE
prog_000469,copilot,Python,0,0,0,NONE,80.0,PROVEN_SAFE,NONE
prog_000470,copilot,Python,1,0,0,NONE,80.0,STATIC_FP_RISK,STATIC_ONLY
prog_000471,copilot,Python,0,0,0,NONE,80.0,PROVEN_SAFE,NONE
prog_000472,copilot,Python,0,0,1,CWE-78,80.0,DYNAMIC_DISCOVERY,DYNAMIC_ONLY
prog_000473,copilot,Python,1,0,0,NONE,80.0,STATIC_FP_RISK,STATIC_ONLY
prog_000474,copilot,Python,1,0,1,CWE-78,80.0,CONFIRMED_VULNERABLE,STATIC_DYNAMIC
prog_000475,copilot,Python,0,0,0,NONE,80.0,PROVEN_SAFE,NONE
prog_000476,copilot,Python,1,0,0,NONE,80.0,STATIC_FP_RISK,STATIC_ONLY
prog_000477,copilot,Python,0,0,0,NONE,80.0,PROVEN_SAFE,NONE
prog_000478,copilot,Python,0,0,0,NONE,80.0,PROVEN_SAFE,NONE
prog_000479,copilot,Python,1,0,0,NONE,80.0,STATIC_FP_RISK,STATIC_ONLY
prog_000480,copilot,Python,0,0,0,NONE,80.0,PROVEN_SAFE,NONE
prog_000481,copilot,Python,0,0,0,NONE,80.0,PROVEN_SAFE,NONE
prog_000482,copilot,Python,1,0,0,NONE,80.0,STATIC_FP_RISK,STATIC_ONLY
prog_000483,copilot,Python,1,0,0,NONE,80.0,STATIC_FP_RISK,STATIC_ONLY
prog_000484,copilot,Python,0,0,1,CWE-22,80.0,DYNAMIC_DISCOVERY,DYNAMIC_ONLY
prog_000485,copilot,Python,0,0,0,NONE,80.0,PROVEN_SAFE,NONE
prog_000486,copilot,Python,0,0,0,NONE,80.0,PROVEN_SAFE,NONE
prog_000487,copilot,Python,0,0,0,NONE,80.0,PROVEN_SAFE,NONE
prog_000488,copilot,Python,0,0,1,CWE-502,80.0,DYNAMIC_DISCOVERY,DYNAMIC_ONLY
prog_000489,copilot,Python,0,0,0,NONE,80.0,PROVEN_SAFE,NONE
prog_000490,copilot,Python,0,0,0,NONE,80.0,PROVEN_SAFE,NONE
prog_000491,copilot,Python,0,0,0,NONE,80.0,PROVEN_SAFE,NONE
prog_000492,copilot,Python,0,0,0,NONE,80.0,PROVEN_SAFE,NONE
prog_000493,copilot,Python,0,0,0,NONE,80.0,PROVEN_SAFE,NONE
prog_000494,copilot,Python,0,0,0,NONE,80.0,PROVEN_SAFE,NONE
prog_000495,copilot,Python,0,0,0,NONE,80.0,PROVEN_SAFE,NONE
prog_000496,copilot,Python,1,0,0,NONE,80.0,STATIC_FP_RISK,STATIC_ONLY
prog_000497,copilot,Python,1,0,0,NONE,80.0,STATIC_FP_RISK,STATIC_ONLY
prog_000498,copilot,Python,0,0,1,CWE-94,80.0,DYNAMIC_DISCOVERY,DYNAMIC_ONLY
prog_000499,copilot,Python,1,0,0,NONE,80.0,STATIC_FP_RISK,STATIC_ONLY
prog_000500,copilot,Python,0,0,0,NONE,80.0,PROVEN_SAFE,NONE
prog_000501,copilot,Python,0,0,0,NONE,80.0,PROVEN_SAFE,NONE
prog_000502,copilot,Python,0,0,0,NONE,79.4,PROVEN_SAFE,NONE
prog_000503,copilot,Python,1,0,0,NONE,80.0,STATIC_FP_RISK,STATIC_ONLY
prog_000504,copilot,Python,0,0,0,NONE,80.0,PROVEN_SAFE,NONE
prog_000505,copilot,Python,0,0,0,NONE,80.0,PROVEN_SAFE,NONE
prog_000506,copilot,Python,0,0,0,NONE,80.0,PROVEN_SAFE,NONE
prog_000507,copilot,Python,0,0,0,NONE,80.0,PROVEN_SAFE,NONE
prog_000508,copilot,Python,0,0,0,NONE,80.0,PROVEN_SAFE,NONE
prog_000509,copilot,Python,1,0,0,NONE,80.0,STATIC_FP_RISK,STATIC_ONLY
prog_000510,copilot,Python,0,0,0,NONE,75.4,PROVEN_SAFE,NONE
prog_000511,copilot,Python,0,0,0,NONE,80.0,PROVEN_SAFE,NONE
prog_000512,copilot,Python,0,0,0,NONE,80.0,PROVEN_SAFE,NONE
prog_000513,copilot,Python,0,0,1,CWE-502,80.0,DYNAMIC_DISCOVERY,DYNAMIC_ONLY
prog_000514,copilot,Python,0,0,0,NONE,80.0,PROVEN_SAFE,NONE
prog_000515,copilot,Python,0,0,0,NONE,80.0,PROVEN_SAFE,NONE
prog_000516,copilot,Python,0,0,0,NONE,80.0,PROVEN_SAFE,NONE
prog_000517,copilot,Python,1,0,0,NONE,80.0,STATIC_FP_RISK,STATIC_ONLY
prog_000518,copilot,Python,0,0,0,NONE,80.0,PROVEN_SAFE,NONE
prog_000519,copilot,Python,0,0,0,NONE,80.0,PROVEN_SAFE,NONE
prog_000520,copilot,Python,0,0,0,NONE,80.0,PROVEN_SAFE,NONE
prog_000521,copilot,Python,0,0,0,NONE,80.0,PROVEN_SAFE,NONE
prog_000522,copilot,Python,0,0,0,NONE,76.2,PROVEN_SAFE,NONE
prog_000523,copilot,Python,1,0,1,CWE-502,80.0,CONFIRMED_VULNERABLE,STATIC_DYNAMIC
prog_000524,copilot,Python,0,0,0,NONE,73.8,PROVEN_SAFE,NONE
prog_000525,copilot,Python,0,0,0,NONE,80.0,PROVEN_SAFE,NONE
prog_000526,copilot,Python,0,0,0,NONE,66.6,PROVEN_SAFE,NONE
prog_000527,copilot,Python,0,0,0,NONE,80.0,PROVEN_SAFE,NONE
prog_000528,copilot,Python,1,0,0,NONE,72.6,STATIC_FP_RISK,STATIC_ONLY
prog_000529,copilot,Python,0,0,0,NONE,66.2,PROVEN_SAFE,NONE
prog_000530,copilot,Python,0,0,0,NONE,80.0,PROVEN_SAFE,NONE
prog_000531,copilot,Python,0,0,0,NONE,80.0,PROVEN_SAFE,NONE
prog_000532,copilot,Python,0,0,0,NONE,60.6,PROVEN_SAFE,NONE
prog_000533,copilot,Python,0,0,0,NONE,65.4,PROVEN_SAFE,NONE
prog_000534,copilot,Python,0,0,1,CWE-22,80.0,DYNAMIC_DISCOVERY,DYNAMIC_ONLY
prog_000535,copilot,Python,0,0,0,NONE,80.0,PROVEN_SAFE,NONE
prog_000536,copilot,Python,0,0,0,NONE,80.0,PROVEN_SAFE,NONE
prog_000537,copilot,Python,1,0,0,NONE,80.0,STATIC_FP_RISK,STATIC_ONLY
prog_000538,copilot,Python,0,0,0,NONE,80.0,PROVEN_SAFE,NONE
prog_000539,copilot,Python,0,0,1,CWE-94,80.0,DYNAMIC_DISCOVERY,DYNAMIC_ONLY
prog_000540,copilot,Python,0,0,0,NONE,80.0,PROVEN_SAFE,NONE
prog_000541,copilot,Python,1,0,1,CWE-502,80.0,CONFIRMED_VULNERABLE,STATIC_DYNAMIC
prog_000542,copilot,Python,0,0,1,CWE-94,80.0,DYNAMIC_DISCOVERY,DYNAMIC_ONLY
prog_000543,copilot,Python,1,0,0,NONE,80.0,STATIC_FP_RISK,STATIC_ONLY
prog_000544,copilot,Python,0,0,0,NONE,80.0,PROVEN_SAFE,NONE
prog_000545,copilot,Python,0,0,1,CWE-502,80.0,DYNAMIC_DISCOVERY,DYNAMIC_ONLY
prog_000546,copilot,Python,0,0,0,NONE,80.0,PROVEN_SAFE,NONE
prog_000547,copilot,Python,0,0,0,NONE,61.0,PROVEN_SAFE,NONE
prog_000548,copilot,Python,0,0,0,NONE,80.0,PROVEN_SAFE,NONE
prog_000549,copilot,Python,0,0,0,NONE,80.0,PROVEN_SAFE,NONE
prog_000550,copilot,Python,1,0,1,CWE-94,80.0,CONFIRMED_VULNERABLE,STATIC_DYNAMIC
prog_000551,copilot,Python,1,0,0,NONE,80.0,STATIC_FP_RISK,STATIC_ONLY
prog_000552,copilot,Python,0,0,0,NONE,80.0,PROVEN_SAFE,NONE
prog_000553,copilot,Python,0,0,0,NONE,80.0,PROVEN_SAFE,NONE
prog_000554,copilot,Python,0,0,0,NONE,69.4,PROVEN_SAFE,NONE
prog_000555,copilot,Python,0,0,0,NONE,80.0,PROVEN_SAFE,NONE
prog_000556,copilot,Python,0,0,0,NONE,80.0,PROVEN_SAFE,NONE
prog_000557,copilot,Python,0,0,0,NONE,80.0,PROVEN_SAFE,NONE
prog_000558,copilot,Python,0,0,0,NONE,80.0,PROVEN_SAFE,NONE
prog_000559,copilot,Python,0,0,1,CWE-78,80.0,DYNAMIC_DISCOVERY,DYNAMIC_ONLY
prog_000560,copilot,Python,1,0,0,NONE,80.0,STATIC_FP_RISK,STATIC_ONLY
prog_000561,copilot,Python,1,0,0,NONE,67.8,STATIC_FP_RISK,STATIC_ONLY
prog_000562,copilot,Python,1,0,1,CWE-78,80.0,CONFIRMED_VULNERABLE,STATIC_DYNAMIC
prog_000563,copilot,Python,1,0,0,NONE,80.0,STATIC_FP_RISK,STATIC_ONLY
prog_000564,copilot,Python,0,0,0,NONE,80.0,PROVEN_SAFE,NONE
prog_000565,copilot,Python,1,0,0,NONE,80.0,STATIC_FP_RISK,STATIC_ONLY
prog_000566,copilot,Python,1,0,0,NONE,80.0,STATIC_FP_RISK,STATIC_ONLY
prog_000567,copilot,Python,0,0,0,NONE,80.0,PROVEN_SAFE,NONE
prog_000568,copilot,Python,0,0,0,NONE,80.0,PROVEN_SAFE,NONE
prog_000569,copilot,Python,0,0,0,NONE,71.4,PROVEN_SAFE,NONE
prog_000570,copilot,Python,0,0,0,NONE,80.0,PROVEN_SAFE,NONE
prog_000571,copilot,Python,1,0,0,NONE,80.0,STATIC_FP_RISK,STATIC_ONLY
prog_000572,copilot,Python,0,0,0,NONE,80.0,PROVEN_SAFE,NONE
prog_000573,copilot,Python,0,0,0,NONE,64.6,PROVEN_SAFE,NONE
prog_000574,copilot,Python,1,0,0,NONE,57.8,STATIC_FP_RISK,STATIC_ONLY
prog_000575,copilot,Python,0,0,0,NONE,80.0,PROVEN_SAFE,NONE
prog_000576,copilot,Python,0,0,0,NONE,80.0,PROVEN_SAFE,NONE
prog_000577,copilot,Python,1,0,0,NONE,80.0,STATIC_FP_RISK,STATIC_ONLY
prog_000578,copilot,Python,1,0,0,NONE,80.0,STATIC_FP_RISK,STATIC_ONLY
prog_000579,copilot,Python,0,0,0,NONE,69.8,PROVEN_SAFE,NONE
prog_000580,copilot,Python,0,0,0,NONE,80.0,PROVEN_SAFE,NONE
prog_000581,copilot,Python,0,0,0,NONE,80.0,PROVEN_SAFE,NONE
prog_000582,copilot,Python,0,0,0,NONE,80.0,PROVEN_SAFE,NONE
prog_000583,copilot,Python,0,0,0,NONE,80.0,PROVEN_SAFE,NONE
prog_000584,copilot,Python,0,0,0,NONE,80.0,PROVEN_SAFE,NONE
prog_000585,copilot,Python,0,0,0,NONE,80.0,PROVEN_SAFE,NONE
prog_000586,copilot,Python,0,0,0,NONE,80.0,PROVEN_SAFE,NONE
prog_000587,copilot,Python,0,0,0,NONE,80.0,PROVEN_SAFE,NONE
prog_000588,copilot,Python,1,0,0,NONE,80.0,STATIC_FP_RISK,STATIC_ONLY
prog_000589,copilot,Python,0,0,0,NONE,80.0,PROVEN_SAFE,NONE
prog_000590,copilot,Python,0,0,0,NONE,80.0,PROVEN_SAFE,NONE
prog_000591,copilot,Python,0,0,0,NONE,80.0,PROVEN_SAFE,NONE
prog_000592,copilot,Python,0,0,0,NONE,80.0,PROVEN_SAFE,NONE
prog_000593,copilot,Python,0,0,1,CWE-502,80.0,DYNAMIC_DISCOVERY,DYNAMIC_ONLY
prog_000594,copilot,Python,0,0,0,NONE,80.0,PROVEN_SAFE,NONE
prog_000595,copilot,Python,0,0,0,NONE,80.0,PROVEN_SAFE,NONE
prog_000596,copilot,Python,1,0,1,CWE-502,80.0,CONFIRMED_VULNERABLE,STATIC_DYNAMIC
prog_000597,copilot,Python,0,0,0,NONE,80.0,PROVEN_SAFE,NONE
prog_000598,copilot,Python,0,0,0,NONE,80.0,PROVEN_SAFE,NONE
prog_000599,copilot,Python,0,0,0,NONE,80.0,PROVEN_SAFE,NONE
prog_000600,copilot,Python,0,0,1,CWE-502,80.0,DYNAMIC_DISCOVERY,DYNAMIC_ONLY
prog_000601,copilot,Python,0,0,0,NONE,80.0,PROVEN_SAFE,NONE
prog_000602,copilot,Python,0,0,0,NONE,57.8,PROVEN_SAFE,NONE
prog_000603,copilot,Python,1,0,0,NONE,80.0,STATIC_FP_RISK,STATIC_ONLY
prog_000604,copilot,Python,0,0,0,NONE,80.0,PROVEN_SAFE,NONE
prog_000605,copilot,Python,0,0,0,NONE,80.0,PROVEN_SAFE,NONE
prog_000606,copilot,Python,0,0,0,NONE,80.0,PROVEN_SAFE,NONE
prog_000607,copilot,Python,0,0,0,NONE,75.8,PROVEN_SAFE,NONE
prog_000608,copilot,Python,0,0,0,NONE,80.0,PROVEN_SAFE,NONE
prog_000609,copilot,Python,0,0,0,NONE,63.4,PROVEN_SAFE,NONE
prog_000610,copilot,Python,1,0,0,NONE,80.0,STATIC_FP_RISK,STATIC_ONLY
prog_000611,copilot,Python,1,0,0,NONE,80.0,STATIC_FP_RISK,STATIC_ONLY
prog_000612,copilot,Python,1,0,0,NONE,80.0,STATIC_FP_RISK,STATIC_ONLY
prog_000613,copilot,Python,0,0,0,NONE,58.6,PROVEN_SAFE,NONE
prog_000614,copilot,Python,0,0,0,NONE,70.2,PROVEN_SAFE,NONE
prog_000615,copilot,Python,0,0,0,NONE,80.0,PROVEN_SAFE,NONE
prog_000616,copilot,Python,1,0,0,NONE,80.0,STATIC_FP_RISK,STATIC_ONLY
prog_000617,copilot,Python,0,0,0,NONE,69.4,PROVEN_SAFE,NONE
prog_000618,copilot,Python,0,0,0,NONE,75.0,PROVEN_SAFE,NONE
prog_000619,copilot,Python,0,0,0,NONE,80.0,PROVEN_SAFE,NONE
prog_000620,copilot,Python,1,0,0,NONE,80.0,STATIC_FP_RISK,STATIC_ONLY
prog_000621,copilot,Python,1,0,0,NONE,80.0,STATIC_FP_RISK,STATIC_ONLY
prog_000622,copilot,Python,1,0,0,NONE,80.0,STATIC_FP_RISK,STATIC_ONLY
prog_000623,copilot,Python,0,0,1,CWE-94,80.0,DYNAMIC_DISCOVERY,DYNAMIC_ONLY
prog_000624,copilot,Python,1,0,0,NONE,80.0,STATIC_FP_RISK,STATIC_ONLY
prog_000625,copilot,Python,0,0,0,NONE,59.0,PROVEN_SAFE,NONE
prog_000626,copilot,Python,0,0,1,CWE-502,80.0,DYNAMIC_DISCOVERY,DYNAMIC_ONLY
prog_000627,copilot,Python,1,0,1,CWE-502,80.0,CONFIRMED_VULNERABLE,STATIC_DYNAMIC
prog_000628,copilot,Python,1,0,0,NONE,80.0,STATIC_FP_RISK,STATIC_ONLY
prog_000629,copilot,Python,0,0,0,NONE,80.0,PROVEN_SAFE,NONE
prog_000630,copilot,Python,0,0,0,NONE,80.0,PROVEN_SAFE,NONE
prog_000631,copilot,Python,0,0,0,NONE,80.0,PROVEN_SAFE,NONE
prog_000632,copilot,Python,0,0,0,NONE,80.0,PROVEN_SAFE,NONE
prog_000633,copilot,Python,0,0,0,NONE,80.0,PROVEN_SAFE,NONE
prog_000634,copilot,Python,1,0,1,CWE-78,80.0,CONFIRMED_VULNERABLE,STATIC_DYNAMIC
prog_000635,copilot,Python,0,0,0,NONE,80.0,PROVEN_SAFE,NONE
prog_000636,copilot,Python,0,0,0,NONE,74.2,PROVEN_SAFE,NONE
prog_000637,copilot,Python,0,0,0,NONE,80.0,PROVEN_SAFE,NONE
prog_000638,copilot,Python,0,0,0,NONE,80.0,PROVEN_SAFE,NONE
prog_000639,copilot,Python,0,0,0,NONE,80.0,PROVEN_SAFE,NONE
prog_000640,copilot,Python,1,0,0,NONE,80.0,STATIC_FP_RISK,STATIC_ONLY
prog_000641,copilot,Python,1,0,0,NONE,80.0,STATIC_FP_RISK,STATIC_ONLY
prog_000642,copilot,Python,1,0,1,CWE-78,80.0,CONFIRMED_VULNERABLE,STATIC_DYNAMIC
prog_000643,copilot,Python,0,0,0,NONE,80.0,PROVEN_SAFE,NONE
prog_000644,copilot,Python,1,0,1,CWE-502,80.0,CONFIRMED_VULNERABLE,STATIC_DYNAMIC
prog_000645,copilot,Python,0,0,0,NONE,80.0,PROVEN_SAFE,NONE
prog_000646,copilot,Python,0,0,0,NONE,80.0,PROVEN_SAFE,NONE
prog_000647,copilot,Python,0,0,0,NONE,80.0,PROVEN_SAFE,NONE
prog_000648,copilot,Python,0,0,0,NONE,80.0,PROVEN_SAFE,NONE
prog_000649,copilot,Python,0,0,0,NONE,65.8,PROVEN_SAFE,NONE
prog_000650,copilot,Python,0,0,0,NONE,80.0,PROVEN_SAFE,NONE
prog_000651,copilot,Python,0,0,0,NONE,63.0,PROVEN_SAFE,NONE
prog_000652,copilot,Python,0,0,0,NONE,80.0,PROVEN_SAFE,NONE
prog_000653,copilot,Python,0,0,0,NONE,62.6,PROVEN_SAFE,NONE
prog_000654,copilot,Python,0,0,0,NONE,80.0,PROVEN_SAFE,NONE
prog_000655,copilot,Python,0,0,0,NONE,74.6,PROVEN_SAFE,NONE
prog_000656,copilot,Python,0,0,1,CWE-22,80.0,DYNAMIC_DISCOVERY,DYNAMIC_ONLY
prog_000657,copilot,Python,1,0,0,NONE,80.0,STATIC_FP_RISK,STATIC_ONLY
prog_000658,copilot,Python,0,0,0,NONE,80.0,PROVEN_SAFE,NONE
prog_000659,copilot,Python,1,0,1,CWE-22,80.0,CONFIRMED_VULNERABLE,STATIC_DYNAMIC
prog_000660,copilot,Python,0,0,0,NONE,80.0,PROVEN_SAFE,NONE
prog_000661,copilot,Python,1,0,0,NONE,80.0,STATIC_FP_RISK,STATIC_ONLY
prog_000662,copilot,Python,0,0,0,NONE,80.0,PROVEN_SAFE,NONE
prog_000663,copilot,Python,0,0,1,CWE-502,80.0,DYNAMIC_DISCOVERY,DYNAMIC_ONLY
prog_000664,copilot,Python,0,0,1,CWE-502,80.0,DYNAMIC_DISCOVERY,DYNAMIC_ONLY
prog_000665,copilot,Python,0,0,1,CWE-94,80.0,DYNAMIC_DISCOVERY,DYNAMIC_ONLY
prog_000666,copilot,Python,0,0,1,CWE-78,80.0,DYNAMIC_DISCOVERY,DYNAMIC_ONLY
prog_000667,copilot,Python,1,0,0,NONE,80.0,STATIC_FP_RISK,STATIC_ONLY
prog_000668,copilot,Python,1,0,0,NONE,80.0,STATIC_FP_RISK,STATIC_ONLY
prog_000669,copilot,Python,0,0,0,NONE,80.0,PROVEN_SAFE,NONE
prog_000670,copilot,Python,1,0,0,NONE,80.0,STATIC_FP_RISK,STATIC_ONLY
prog_000671,copilot,Python,1,0,0,NONE,80.0,STATIC_FP_RISK,STATIC_ONLY
prog_000672,copilot,Python,0,0,0,NONE,80.0,PROVEN_SAFE,NONE
prog_000673,copilot,Python,0,0,0,NONE,80.0,PROVEN_SAFE,NONE
prog_000674,copilot,Python,1,0,0,NONE,80.0,STATIC_FP_RISK,STATIC_ONLY
prog_000675,copilot,Python,0,0,1,CWE-94,80.0,DYNAMIC_DISCOVERY,DYNAMIC_ONLY
prog_000676,copilot,Python,0,0,0,NONE,80.0,PROVEN_SAFE,NONE
prog_000677,copilot,Python,0,0,0,NONE,80.0,PROVEN_SAFE,NONE
prog_000678,copilot,Python,0,0,0,NONE,80.0,PROVEN_SAFE,NONE
prog_000679,copilot,Python,0,0,0,NONE,80.0,PROVEN_SAFE,NONE
prog_000680,copilot,Python,0,0,0,NONE,73.0,PROVEN_SAFE,NONE
prog_000681,copilot,Python,0,0,1,CWE-78,80.0,DYNAMIC_DISCOVERY,DYNAMIC_ONLY
prog_000682,copilot,Python,0,0,0,NONE,80.0,PROVEN_SAFE,NONE
prog_000683,copilot,Python,0,0,0,NONE,80.0,PROVEN_SAFE,NONE
prog_000684,copilot,Python,0,0,0,NONE,80.0,PROVEN_SAFE,NONE
prog_000685,copilot,Python,0,0,0,NONE,62.6,PROVEN_SAFE,NONE
prog_000686,copilot,Python,0,0,0,NONE,73.0,PROVEN_SAFE,NONE
prog_000687,copilot,Python,0,0,1,CWE-94,80.0,DYNAMIC_DISCOVERY,DYNAMIC_ONLY
prog_000688,copilot,Python,0,0,0,NONE,71.4,PROVEN_SAFE,NONE
prog_000689,copilot,Python,1,0,0,NONE,80.0,STATIC_FP_RISK,STATIC_ONLY
prog_000690,copilot,Python,0,0,0,NONE,61.8,PROVEN_SAFE,NONE
prog_000691,copilot,Python,0,0,0,NONE,80.0,PROVEN_SAFE,NONE
prog_000692,copilot,Python,0,0,0,NONE,80.0,PROVEN_SAFE,NONE
prog_000693,copilot,Python,0,0,0,NONE,61.0,PROVEN_SAFE,NONE
prog_000694,copilot,Python,0,0,0,NONE,80.0,PROVEN_SAFE,NONE
prog_000695,copilot,Python,0,0,0,NONE,70.2,PROVEN_SAFE,NONE
prog_000696,copilot,Python,0,0,0,NONE,80.0,PROVEN_SAFE,NONE
prog_000697,copilot,Python,0,0,1,CWE-22,80.0,DYNAMIC_DISCOVERY,DYNAMIC_ONLY
prog_000698,copilot,Python,0,0,0,NONE,80.0,PROVEN_SAFE,NONE
prog_000699,copilot,Python,0,0,1,CWE-502,80.0,DYNAMIC_DISCOVERY,DYNAMIC_ONLY
prog_000700,copilot,Python,0,0,0,NONE,80.0,PROVEN_SAFE,NONE
prog_000701,copilot,Python,0,0,0,NONE,80.0,PROVEN_SAFE,NONE
prog_000702,copilot,Python,0,0,0,NONE,80.0,PROVEN_SAFE,NONE
prog_000703,copilot,Python,0,0,0,NONE,80.0,PROVEN_SAFE,NONE
prog_000704,copilot,Python,0,0,1,CWE-78,65.4,DYNAMIC_DISCOVERY,DYNAMIC_ONLY
prog_000705,copilot,Python,0,0,0,NONE,80.0,PROVEN_SAFE,NONE
prog_000706,copilot,Python,0,0,0,NONE,59.8,PROVEN_SAFE,NONE
prog_000707,copilot,Python,0,0,0,NONE,62.6,PROVEN_SAFE,NONE
prog_000708,copilot,Python,1,0,0,NONE,63.4,STATIC_FP_RISK,STATIC_ONLY
prog_000709,copilot,Python,1,0,0,NONE,80.0,STATIC_FP_RISK,STATIC_ONLY
prog_000710,copilot,Python,0,0,0,NONE,75.4,PROVEN_SAFE,NONE
prog_000711,copilot,Python,0,0,0,NONE,80.0,PROVEN_SAFE,NONE
prog_000712,copilot,Python,0,0,0,NONE,63.4,PROVEN_SAFE,NONE
prog_000713,copilot,Python,0,0,0,NONE,69.8,PROVEN_SAFE,NONE
prog_000714,copilot,Python,1,0,0,NONE,77.8,STATIC_FP_RISK,STATIC_ONLY
prog_000715,copilot,Python,0,0,0,NONE,80.0,PROVEN_SAFE,NONE
prog_000716,copilot,Python,0,0,0,NONE,80.0,PROVEN_SAFE,NONE
prog_000717,copilot,Python,1,0,0,NONE,80.0,STATIC_FP_RISK,STATIC_ONLY
prog_000718,copilot,Python,1,0,0,NONE,80.0,STATIC_FP_RISK,STATIC_ONLY
prog_000719,copilot,Python,1,0,0,NONE,80.0,STATIC_FP_RISK,STATIC_ONLY
prog_000720,copilot,Python,1,0,0,NONE,61.8,STATIC_FP_RISK,STATIC_ONLY
prog_000721,copilot,Python,0,0,0,NONE,69.4,PROVEN_SAFE,NONE
prog_000722,copilot,Python,0,0,0,NONE,58.2,PROVEN_SAFE,NONE
prog_000723,copilot,Python,1,0,1,CWE-89,80.0,CONFIRMED_VULNERABLE,STATIC_DYNAMIC
prog_000724,copilot,Python,0,0,0,NONE,80.0,PROVEN_SAFE,NONE
prog_000725,copilot,Python,0,0,0,NONE,80.0,PROVEN_SAFE,NONE
prog_000726,copilot,Python,1,0,0,NONE,80.0,STATIC_FP_RISK,STATIC_ONLY
prog_000727,copilot,Python,0,0,1,CWE-22,80.0,DYNAMIC_DISCOVERY,DYNAMIC_ONLY
prog_000728,copilot,Python,0,0,0,NONE,80.0,PROVEN_SAFE,NONE
prog_000729,copilot,Python,0,0,0,NONE,80.0,PROVEN_SAFE,NONE
prog_000730,copilot,Python,0,0,1,CWE-94,80.0,DYNAMIC_DISCOVERY,DYNAMIC_ONLY
prog_000731,copilot,Python,0,0,0,NONE,80.0,PROVEN_SAFE,NONE
prog_000732,copilot,Python,0,0,1,CWE-94,80.0,DYNAMIC_DISCOVERY,DYNAMIC_ONLY
prog_000733,copilot,Python,0,0,0,NONE,80.0,PROVEN_SAFE,NONE
prog_000734,copilot,Python,0,0,0,NONE,80.0,PROVEN_SAFE,NONE
prog_000735,copilot,Python,1,0,0,NONE,80.0,STATIC_FP_RISK,STATIC_ONLY
prog_000736,copilot,Python,0,0,0,NONE,75.8,PROVEN_SAFE,NONE
prog_000737,copilot,Python,0,0,0,NONE,80.0,PROVEN_SAFE,NONE
prog_000738,copilot,Python,0,0,0,NONE,80.0,PROVEN_SAFE,NONE
prog_000739,copilot,Python,1,0,0,NONE,75.0,STATIC_FP_RISK,STATIC_ONLY
prog_000740,copilot,Python,0,0,0,NONE,80.0,PROVEN_SAFE,NONE
prog_000741,copilot,Python,0,0,0,NONE,76.2,PROVEN_SAFE,NONE
prog_000742,copilot,Python,0,0,0,NONE,80.0,PROVEN_SAFE,NONE
prog_000743,copilot,Python,1,0,0,NONE,71.4,STATIC_FP_RISK,STATIC_ONLY
prog_000744,copilot,Python,0,0,0,NONE,80.0,PROVEN_SAFE,NONE
prog_000745,copilot,Python,0,0,0,NONE,80.0,PROVEN_SAFE,NONE
prog_000746,copilot,Python,1,0,0,NONE,80.0,STATIC_FP_RISK,STATIC_ONLY
prog_000747,copilot,Python,0,0,0,NONE,80.0,PROVEN_SAFE,NONE
prog_000748,copilot,Python,0,0,0,NONE,80.0,PROVEN_SAFE,NONE
prog_000749,copilot,Python,0,0,0,NONE,80.0,PROVEN_SAFE,NONE
prog_000750,copilot,Python,0,0,0,NONE,80.0,PROVEN_SAFE,NONE
prog_000751,copilot,Python,0,0,0,NONE,79.8,PROVEN_SAFE,NONE
prog_000752,copilot,Python,0,0,1,CWE-89,80.0,DYNAMIC_DISCOVERY,DYNAMIC_ONLY
prog_000753,copilot,Python,0,0,0,NONE,71.4,PROVEN_SAFE,NONE
prog_000754,copilot,Python,1,0,0,NONE,80.0,STATIC_FP_RISK,STATIC_ONLY
prog_000755,copilot,Python,0,0,1,CWE-502,80.0,DYNAMIC_DISCOVERY,DYNAMIC_ONLY
prog_000756,copilot,Python,1,0,0,NONE,80.0,STATIC_FP_RISK,STATIC_ONLY
prog_000757,copilot,Python,0,0,0,NONE,80.0,PROVEN_SAFE,NONE
prog_000758,copilot,Python,0,0,0,NONE,80.0,PROVEN_SAFE,NONE
prog_000759,copilot,Python,1,0,0,NONE,80.0,STATIC_FP_RISK,STATIC_ONLY
prog_000760,copilot,Python,1,0,0,NONE,68.2,STATIC_FP_RISK,STATIC_ONLY
prog_000761,copilot,Python,0,0,0,NONE,80.0,PROVEN_SAFE,NONE
prog_000762,copilot,Python,0,0,0,NONE,80.0,PROVEN_SAFE,NONE
prog_000763,copilot,Python,0,0,0,NONE,80.0,PROVEN_SAFE,NONE
prog_000764,copilot,Python,0,0,0,NONE,80.0,PROVEN_SAFE,NONE
prog_000765,copilot,Python,0,0,1,CWE-502,80.0,DYNAMIC_DISCOVERY,DYNAMIC_ONLY
prog_000766,copilot,Python,1,0,0,NONE,80.0,STATIC_FP_RISK,STATIC_ONLY
prog_000767,copilot,Python,0,0,0,NONE,80.0,PROVEN_SAFE,NONE
prog_000768,copilot,Python,0,0,1,CWE-502,80.0,DYNAMIC_DISCOVERY,DYNAMIC_ONLY
prog_000769,copilot,Python,0,0,0,NONE,80.0,PROVEN_SAFE,NONE
prog_000770,copilot,Python,0,0,0,NONE,80.0,PROVEN_SAFE,NONE
prog_000771,copilot,Python,1,0,0,NONE,70.6,STATIC_FP_RISK,STATIC_ONLY
prog_000772,copilot,Python,0,0,0,NONE,80.0,PROVEN_SAFE,NONE
prog_000773,copilot,Python,0,0,0,NONE,80.0,PROVEN_SAFE,NONE
prog_000774,copilot,Python,0,0,0,NONE,78.6,PROVEN_SAFE,NONE
prog_000775,copilot,Python,0,0,0,NONE,80.0,PROVEN_SAFE,NONE
prog_000776,copilot,Python,1,0,0,NONE,80.0,STATIC_FP_RISK,STATIC_ONLY
prog_000777,copilot,Python,0,0,0,NONE,61.8,PROVEN_SAFE,NONE
prog_000778,copilot,Python,0,0,0,NONE,80.0,PROVEN_SAFE,NONE
prog_000779,copilot,Python,0,0,0,NONE,80.0,PROVEN_SAFE,NONE
prog_000780,copilot,Python,0,0,0,NONE,80.0,PROVEN_SAFE,NONE
prog_000781,copilot,Python,0,0,0,NONE,69.4,PROVEN_SAFE,NONE
prog_000782,copilot,Python,1,0,0,NONE,62.6,STATIC_FP_RISK,STATIC_ONLY
prog_000783,copilot,Python,0,0,0,NONE,80.0,PROVEN_SAFE,NONE
prog_000784,copilot,Python,0,0,0,NONE,79.0,PROVEN_SAFE,NONE
prog_000785,copilot,Python,0,0,0,NONE,80.0,PROVEN_SAFE,NONE
prog_000786,copilot,Python,0,0,0,NONE,80.0,PROVEN_SAFE,NONE
prog_000787,copilot,Python,0,0,1,CWE-502,80.0,DYNAMIC_DISCOVERY,DYNAMIC_ONLY
prog_000788,copilot,Python,1,0,0,NONE,80.0,STATIC_FP_RISK,STATIC_ONLY
prog_000789,copilot,Python,1,0,0,NONE,80.0,STATIC_FP_RISK,STATIC_ONLY
prog_000790,copilot,Python,1,0,1,CWE-94,80.0,CONFIRMED_VULNERABLE,STATIC_DYNAMIC
prog_000791,copilot,Python,0,0,0,NONE,80.0,PROVEN_SAFE,NONE
prog_000792,copilot,Python,1,0,1,CWE-94,80.0,CONFIRMED_VULNERABLE,STATIC_DYNAMIC
prog_000793,copilot,Python,1,0,0,NONE,62.2,STATIC_FP_RISK,STATIC_ONLY
prog_000794,copilot,Python,0,0,0,NONE,73.4,PROVEN_SAFE,NONE
prog_000795,copilot,Python,0,0,0,NONE,60.2,PROVEN_SAFE,NONE
prog_000796,copilot,Python,0,0,0,NONE,80.0,PROVEN_SAFE,NONE
prog_000797,copilot,Python,0,0,0,NONE,58.2,PROVEN_SAFE,NONE
prog_000798,copilot,Python,0,0,0,NONE,80.0,PROVEN_SAFE,NONE
prog_000799,copilot,Python,0,0,0,NONE,80.0,PROVEN_SAFE,NONE
prog_000800,copilot,Python,0,0,0,NONE,69.4,PROVEN_SAFE,NONE
prog_000801,copilot,Python,1,0,0,NONE,57.0,STATIC_FP_RISK,STATIC_ONLY
prog_000802,copilot,Python,0,0,0,NONE,68.6,PROVEN_SAFE,NONE
prog_000803,copilot,Python,0,0,0,NONE,59.0,PROVEN_SAFE,NONE
prog_000804,copilot,Python,0,0,1,CWE-22,80.0,DYNAMIC_DISCOVERY,DYNAMIC_ONLY
prog_000805,copilot,Python,1,0,0,NONE,80.0,STATIC_FP_RISK,STATIC_ONLY
prog_000806,copilot,Python,1,0,0,NONE,80.0,STATIC_FP_RISK,STATIC_ONLY
prog_000807,copilot,Python,0,0,0,NONE,80.0,PROVEN_SAFE,NONE
prog_000808,copilot,Python,0,0,0,NONE,69.4,PROVEN_SAFE,NONE
prog_000809,copilot,Python,1,0,0,NONE,58.2,STATIC_FP_RISK,STATIC_ONLY
prog_000810,copilot,Python,0,0,0,NONE,67.8,PROVEN_SAFE,NONE
prog_000811,copilot,Python,0,0,0,NONE,80.0,PROVEN_SAFE,NONE
prog_000812,copilot,Python,0,0,0,NONE,80.0,PROVEN_SAFE,NONE
prog_000813,copilot,Python,0,0,0,NONE,80.0,PROVEN_SAFE,NONE
prog_000814,copilot,Python,1,0,0,NONE,80.0,STATIC_FP_RISK,STATIC_ONLY
prog_000815,copilot,Python,0,0,0,NONE,60.2,PROVEN_SAFE,NONE
prog_000816,copilot,Python,0,0,1,CWE-502,80.0,DYNAMIC_DISCOVERY,DYNAMIC_ONLY
prog_000817,copilot,Python,1,0,0,NONE,71.8,STATIC_FP_RISK,STATIC_ONLY
prog_000818,copilot,Python,1,0,0,NONE,80.0,STATIC_FP_RISK,STATIC_ONLY
prog_000819,copilot,Python,0,0,0,NONE,61.4,PROVEN_SAFE,NONE
prog_000820,copilot,Python,0,0,0,NONE,63.0,PROVEN_SAFE,NONE
prog_000821,copilot,Python,1,0,1,CWE-502,80.0,CONFIRMED_VULNERABLE,STATIC_DYNAMIC
prog_000822,copilot,Python,0,0,0,NONE,80.0,PROVEN_SAFE,NONE
prog_000823,copilot,Python,0,0,1,CWE-22,80.0,DYNAMIC_DISCOVERY,DYNAMIC_ONLY
prog_000824,copilot,Python,0,0,0,NONE,72.6,PROVEN_SAFE,NONE
prog_000825,copilot,Python,1,0,1,CWE-78,80.0,CONFIRMED_VULNERABLE,STATIC_DYNAMIC
prog_000826,copilot,Python,0,0,0,NONE,80.0,PROVEN_SAFE,NONE
prog_000827,copilot,Python,0,0,0,NONE,80.0,PROVEN_SAFE,NONE
prog_000828,copilot,Python,0,0,0,NONE,80.0,PROVEN_SAFE,NONE
prog_000829,copilot,Python,0,0,0,NONE,80.0,PROVEN_SAFE,NONE
prog_000830,copilot,Python,0,0,0,NONE,80.0,PROVEN_SAFE,NONE
prog_000831,copilot,Python,1,0,0,NONE,80.0,STATIC_FP_RISK,STATIC_ONLY
prog_000832,copilot,Python,0,0,0,NONE,80.0,PROVEN_SAFE,NONE
prog_000833,copilot,Python,1,0,0,NONE,80.0,STATIC_FP_RISK,STATIC_ONLY
prog_000834,copilot,Python,0,0,1,CWE-502,80.0,DYNAMIC_DISCOVERY,DYNAMIC_ONLY
prog_000835,copilot,Python,0,0,0,NONE,80.0,PROVEN_SAFE,NONE
prog_000836,copilot,Python,0,0,1,CWE-502,80.0,DYNAMIC_DISCOVERY,DYNAMIC_ONLY
prog_000837,copilot,Python,0,0,1,CWE-22,80.0,DYNAMIC_DISCOVERY,DYNAMIC_ONLY
prog_000838,copilot,Python,0,0,0,NONE,80.0,PROVEN_SAFE,NONE
prog_000839,copilot,Python,0,0,0,NONE,80.0,PROVEN_SAFE,NONE
prog_000840,copilot,Python,0,0,0,NONE,80.0,PROVEN_SAFE,NONE
prog_000841,copilot,Python,1,0,0,NONE,80.0,STATIC_FP_RISK,STATIC_ONLY
prog_000842,copilot,Python,1,0,0,NONE,80.0,STATIC_FP_RISK,STATIC_ONLY
prog_000843,copilot,Python,0,0,0,NONE,80.0,PROVEN_SAFE,NONE
prog_000844,copilot,Python,0,0,0,NONE,80.0,PROVEN_SAFE,NONE
prog_000845,copilot,Python,1,0,0,NONE,80.0,STATIC_FP_RISK,STATIC_ONLY
prog_000846,copilot,Python,0,0,0,NONE,80.0,PROVEN_SAFE,NONE
prog_000847,copilot,Python,0,0,0,NONE,80.0,PROVEN_SAFE,NONE
prog_000848,copilot,Python,0,0,0,NONE,80.0,PROVEN_SAFE,NONE
prog_000849,copilot,Python,0,0,0,NONE,80.0,PROVEN_SAFE,NONE
prog_000850,copilot,Python,0,0,0,NONE,80.0,PROVEN_SAFE,NONE
prog_000851,copilot,Python,0,0,0,NONE,80.0,PROVEN_SAFE,NONE
prog_000852,copilot,Python,0,0,1,CWE-502,80.0,DYNAMIC_DISCOVERY,DYNAMIC_ONLY
prog_000853,copilot,Python,0,0,1,CWE-502,80.0,DYNAMIC_DISCOVERY,DYNAMIC_ONLY
prog_000854,copilot,Python,0,0,1,CWE-89,80.0,DYNAMIC_DISCOVERY,DYNAMIC_ONLY
prog_000855,copilot,Python,0,0,0,NONE,80.0,PROVEN_SAFE,NONE
prog_000856,copilot,Python,0,0,0,NONE,69.8,PROVEN_SAFE,NONE
prog_000857,copilot,Python,1,0,0,NONE,80.0,STATIC_FP_RISK,STATIC_ONLY
prog_000858,copilot,Python,0,0,0,NONE,80.0,PROVEN_SAFE,NONE
prog_000859,copilot,Python,0,0,0,NONE,80.0,PROVEN_SAFE,NONE
prog_000860,copilot,Python,0,0,0,NONE,80.0,PROVEN_SAFE,NONE
prog_000861,copilot,Python,1,0,0,NONE,71.4,STATIC_FP_RISK,STATIC_ONLY
prog_000862,copilot,Python,0,0,0,NONE,67.8,PROVEN_SAFE,NONE
prog_000863,copilot,Python,0,0,0,NONE,80.0,PROVEN_SAFE,NONE
prog_000864,copilot,Python,0,0,1,CWE-502,80.0,DYNAMIC_DISCOVERY,DYNAMIC_ONLY
prog_000865,copilot,Python,0,0,0,NONE,80.0,PROVEN_SAFE,NONE
prog_000866,copilot,Python,1,0,0,NONE,80.0,STATIC_FP_RISK,STATIC_ONLY
prog_000867,chatgpt,Python,0,0,1,CWE-94,80.0,DYNAMIC_DISCOVERY,DYNAMIC_ONLY
prog_000868,chatgpt,Python,0,0,0,NONE,80.0,PROVEN_SAFE,NONE
prog_000869,chatgpt,Python,1,0,0,NONE,80.0,STATIC_FP_RISK,STATIC_ONLY
prog_000870,chatgpt,Python,0,0,0,NONE,80.0,PROVEN_SAFE,NONE
prog_000871,chatgpt,Python,0,0,0,NONE,80.0,PROVEN_SAFE,NONE
prog_000872,chatgpt,Python,0,0,0,NONE,80.0,PROVEN_SAFE,NONE
prog_000873,chatgpt,Python,1,0,1,CWE-94,80.0,CONFIRMED_VULNERABLE,STATIC_DYNAMIC
prog_000874,chatgpt,Python,0,0,1,CWE-22,80.0,DYNAMIC_DISCOVERY,DYNAMIC_ONLY
prog_000875,chatgpt,Python,0,0,0,NONE,66.6,PROVEN_SAFE,NONE
prog_000876,chatgpt,Python,0,0,0,NONE,80.0,PROVEN_SAFE,NONE
prog_000877,chatgpt,Python,0,0,1,CWE-95,80.0,DYNAMIC_DISCOVERY,DYNAMIC_ONLY
prog_000878,chatgpt,Python,1,0,0,NONE,80.0,STATIC_FP_RISK,STATIC_ONLY
prog_000879,chatgpt,Python,0,0,0,NONE,63.4,PROVEN_SAFE,NONE
prog_000880,chatgpt,Python,0,0,1,CWE-22,80.0,DYNAMIC_DISCOVERY,DYNAMIC_ONLY
prog_000881,chatgpt,Python,0,0,0,NONE,65.4,PROVEN_SAFE,NONE
prog_000882,chatgpt,Python,1,0,1,CWE-94,80.0,CONFIRMED_VULNERABLE,STATIC_DYNAMIC
prog_000883,chatgpt,Python,0,0,1,CWE-502,80.0,DYNAMIC_DISCOVERY,DYNAMIC_ONLY
prog_000884,chatgpt,Python,0,0,0,NONE,80.0,PROVEN_SAFE,NONE
prog_000885,chatgpt,Python,0,0,0,NONE,75.0,PROVEN_SAFE,NONE
prog_000886,chatgpt,Python,0,0,0,NONE,65.4,PROVEN_SAFE,NONE
prog_000887,chatgpt,Python,0,0,0,NONE,80.0,PROVEN_SAFE,NONE
prog_000888,chatgpt,Python,0,0,1,CWE-502,80.0,DYNAMIC_DISCOVERY,DYNAMIC_ONLY
prog_000889,chatgpt,Python,0,0,1,CWE-22,80.0,DYNAMIC_DISCOVERY,DYNAMIC_ONLY
prog_000890,chatgpt,Python,0,0,1,CWE-502,80.0,DYNAMIC_DISCOVERY,DYNAMIC_ONLY
prog_000891,chatgpt,Python,0,0,0,NONE,80.0,PROVEN_SAFE,NONE
prog_000892,chatgpt,Python,0,0,0,NONE,80.0,PROVEN_SAFE,NONE
prog_000893,chatgpt,Python,0,0,1,CWE-22,80.0,DYNAMIC_DISCOVERY,DYNAMIC_ONLY
prog_000894,chatgpt,Python,0,0,0,NONE,80.0,PROVEN_SAFE,NONE
prog_000895,chatgpt,Python,1,0,0,NONE,80.0,STATIC_FP_RISK,STATIC_ONLY
prog_000896,chatgpt,Python,0,0,0,NONE,80.0,PROVEN_SAFE,NONE
prog_000897,chatgpt,Python,0,0,1,CWE-94,70.6,DYNAMIC_DISCOVERY,DYNAMIC_ONLY
prog_000898,chatgpt,Python,0,0,1,CWE-22,80.0,DYNAMIC_DISCOVERY,DYNAMIC_ONLY
prog_000899,chatgpt,Python,0,0,0,NONE,63.4,PROVEN_SAFE,NONE
prog_000900,chatgpt,Python,0,0,1,CWE-94,80.0,DYNAMIC_DISCOVERY,DYNAMIC_ONLY
prog_000901,chatgpt,Python,0,0,0,NONE,80.0,PROVEN_SAFE,NONE
prog_000902,chatgpt,Python,0,0,0,NONE,74.6,PROVEN_SAFE,NONE
prog_000903,chatgpt,Python,0,0,0,NONE,70.6,PROVEN_SAFE,NONE
prog_000904,chatgpt,Python,0,0,0,NONE,80.0,PROVEN_SAFE,NONE
prog_000905,chatgpt,Python,0,0,0,NONE,66.6,PROVEN_SAFE,NONE
prog_000906,chatgpt,Python,1,0,0,NONE,80.0,STATIC_FP_RISK,STATIC_ONLY
prog_000907,chatgpt,Python,0,0,0,NONE,80.0,PROVEN_SAFE,NONE
prog_000908,chatgpt,Python,0,0,0,NONE,80.0,PROVEN_SAFE,NONE
prog_000909,chatgpt,Python,1,0,0,NONE,80.0,STATIC_FP_RISK,STATIC_ONLY
prog_000910,chatgpt,Python,0,0,0,NONE,80.0,PROVEN_SAFE,NONE
prog_000911,chatgpt,Python,1,0,0,NONE,75.8,STATIC_FP_RISK,STATIC_ONLY
prog_000912,chatgpt,Python,0,0,0,NONE,80.0,PROVEN_SAFE,NONE
prog_000913,chatgpt,Python,0,0,0,NONE,80.0,PROVEN_SAFE,NONE
prog_000914,chatgpt,Python,0,0,0,NONE,62.6,PROVEN_SAFE,NONE
prog_000915,chatgpt,Python,1,0,0,NONE,80.0,STATIC_FP_RISK,STATIC_ONLY
prog_000916,chatgpt,Python,0,0,1,CWE-94,67.0,DYNAMIC_DISCOVERY,DYNAMIC_ONLY
prog_000917,chatgpt,Python,0,0,0,NONE,59.8,PROVEN_SAFE,NONE
prog_000918,chatgpt,Python,0,0,0,NONE,80.0,PROVEN_SAFE,NONE
prog_000919,chatgpt,Python,1,0,0,NONE,80.0,STATIC_FP_RISK,STATIC_ONLY
prog_000920,chatgpt,Python,0,0,0,NONE,71.4,PROVEN_SAFE,NONE
prog_000921,chatgpt,Python,0,0,0,NONE,66.6,PROVEN_SAFE,NONE
prog_000922,chatgpt,Python,0,0,1,CWE-22,80.0,DYNAMIC_DISCOVERY,DYNAMIC_ONLY
prog_000923,chatgpt,Python,0,0,0,NONE,68.2,PROVEN_SAFE,NONE
prog_000924,chatgpt,Python,0,0,0,NONE,72.6,PROVEN_SAFE,NONE
prog_000925,chatgpt,Python,0,0,0,NONE,80.0,PROVEN_SAFE,NONE
prog_000926,chatgpt,Python,1,0,0,NONE,77.8,STATIC_FP_RISK,STATIC_ONLY
prog_000927,chatgpt,Python,0,0,0,NONE,80.0,PROVEN_SAFE,NONE
prog_000928,chatgpt,Python,1,0,0,NONE,80.0,STATIC_FP_RISK,STATIC_ONLY
prog_000929,chatgpt,Python,0,0,0,NONE,80.0,PROVEN_SAFE,NONE
prog_000930,chatgpt,Python,0,0,0,NONE,78.2,PROVEN_SAFE,NONE
prog_000931,chatgpt,Python,1,0,0,NONE,80.0,STATIC_FP_RISK,STATIC_ONLY
prog_000932,chatgpt,Python,0,0,0,NONE,80.0,PROVEN_SAFE,NONE
prog_000933,chatgpt,Python,0,0,0,NONE,80.0,PROVEN_SAFE,NONE
prog_000934,chatgpt,Python,0,0,0,NONE,80.0,PROVEN_SAFE,NONE
prog_000935,chatgpt,Python,0,0,1,CWE-22,80.0,DYNAMIC_DISCOVERY,DYNAMIC_ONLY
prog_000936,chatgpt,Python,0,0,1,CWE-22,80.0,DYNAMIC_DISCOVERY,DYNAMIC_ONLY
prog_000937,chatgpt,Python,1,0,0,NONE,78.2,STATIC_FP_RISK,STATIC_ONLY
prog_000938,chatgpt,Python,0,0,0,NONE,80.0,PROVEN_SAFE,NONE
prog_000939,chatgpt,Python,0,0,0,NONE,80.0,PROVEN_SAFE,NONE
prog_000940,chatgpt,Python,0,0,0,NONE,80.0,PROVEN_SAFE,NONE
prog_000941,chatgpt,Python,0,0,0,NONE,80.0,PROVEN_SAFE,NONE
prog_000942,chatgpt,Python,0,0,0,NONE,78.6,PROVEN_SAFE,NONE
prog_000943,chatgpt,Python,0,0,0,NONE,80.0,PROVEN_SAFE,NONE
prog_000944,chatgpt,Python,0,0,0,NONE,80.0,PROVEN_SAFE,NONE
prog_000945,chatgpt,Python,0,0,0,NONE,80.0,PROVEN_SAFE,NONE
prog_000946,chatgpt,Python,1,0,1,CWE-94,80.0,CONFIRMED_VULNERABLE,STATIC_DYNAMIC
prog_000947,chatgpt,Python,0,0,0,NONE,80.0,PROVEN_SAFE,NONE
prog_000948,chatgpt,Python,0,0,0,NONE,79.0,PROVEN_SAFE,NONE
prog_000949,chatgpt,Python,1,0,0,NONE,80.0,STATIC_FP_RISK,STATIC_ONLY
prog_000950,chatgpt,Python,0,0,0,NONE,65.8,PROVEN_SAFE,NONE
prog_000951,chatgpt,Python,0,0,0,NONE,80.0,PROVEN_SAFE,NONE
prog_000952,chatgpt,Python,0,0,0,NONE,80.0,PROVEN_SAFE,NONE
prog_000953,chatgpt,Python,0,0,0,NONE,76.6,PROVEN_SAFE,NONE
prog_000954,chatgpt,Python,0,0,0,NONE,80.0,PROVEN_SAFE,NONE
prog_000955,chatgpt,Python,0,0,0,NONE,80.0,PROVEN_SAFE,NONE
prog_000956,chatgpt,Python,0,0,0,NONE,65.0,PROVEN_SAFE,NONE
prog_000957,chatgpt,Python,0,0,0,NONE,80.0,PROVEN_SAFE,NONE
prog_000958,chatgpt,Python,1,0,0,NONE,80.0,STATIC_FP_RISK,STATIC_ONLY
prog_000959,chatgpt,Python,0,0,1,CWE-94,80.0,DYNAMIC_DISCOVERY,DYNAMIC_ONLY
prog_000960,chatgpt,Python,1,0,0,NONE,80.0,STATIC_FP_RISK,STATIC_ONLY
prog_000961,chatgpt,Python,1,0,1,CWE-94,80.0,CONFIRMED_VULNERABLE,STATIC_DYNAMIC
prog_000962,chatgpt,Python,0,0,1,CWE-502,80.0,DYNAMIC_DISCOVERY,DYNAMIC_ONLY
prog_000963,chatgpt,Python,0,0,1,CWE-22,80.0,DYNAMIC_DISCOVERY,DYNAMIC_ONLY
prog_000964,chatgpt,Python,0,0,1,CWE-94,80.0,DYNAMIC_DISCOVERY,DYNAMIC_ONLY
prog_000965,chatgpt,Python,0,0,0,NONE,65.4,PROVEN_SAFE,NONE
prog_000966,chatgpt,Python,0,0,0,NONE,80.0,PROVEN_SAFE,NONE
prog_000967,chatgpt,Python,1,0,0,NONE,79.8,STATIC_FP_RISK,STATIC_ONLY
prog_000968,chatgpt,Python,0,0,1,CWE-94,80.0,DYNAMIC_DISCOVERY,DYNAMIC_ONLY
prog_000969,chatgpt,Python,0,0,1,CWE-22,80.0,DYNAMIC_DISCOVERY,DYNAMIC_ONLY
prog_000970,chatgpt,Python,0,0,0,NONE,80.0,PROVEN_SAFE,NONE
prog_000971,chatgpt,Python,0,0,1,CWE-94,80.0,DYNAMIC_DISCOVERY,DYNAMIC_ONLY
prog_000972,chatgpt,Python,0,0,0,NONE,80.0,PROVEN_SAFE,NONE
prog_000973,chatgpt,Python,0,0,0,NONE,80.0,PROVEN_SAFE,NONE
prog_000974,chatgpt,Python,0,0,0,NONE,80.0,PROVEN_SAFE,NONE
prog_000975,chatgpt,Python,0,0,0,NONE,80.0,PROVEN_SAFE,NONE
prog_000976,chatgpt,Python,1,0,0,NONE,80.0,STATIC_FP_RISK,STATIC_ONLY
prog_000977,chatgpt,Python,0,0,1,CWE-94,80.0,DYNAMIC_DISCOVERY,DYNAMIC_ONLY
prog_000978,chatgpt,Python,0,0,0,NONE,80.0,PROVEN_SAFE,NONE
prog_000979,chatgpt,Python,0,0,0,NONE,80.0,PROVEN_SAFE,NONE
prog_000980,chatgpt,Python,0,0,0,NONE,80.0,PROVEN_SAFE,NONE
prog_000981,chatgpt,Python,0,0,0,NONE,70.2,PROVEN_SAFE,NONE
prog_000982,chatgpt,Python,1,0,1,CWE-94,80.0,CONFIRMED_VULNERABLE,STATIC_DYNAMIC
prog_000983,chatgpt,Python,0,0,0,NONE,67.0,PROVEN_SAFE,NONE
prog_000984,chatgpt,Python,0,0,0,NONE,80.0,PROVEN_SAFE,NONE
prog_000985,chatgpt,Python,0,0,0,NONE,80.0,PROVEN_SAFE,NONE
prog_000986,chatgpt,Python,0,0,0,NONE,71.8,PROVEN_SAFE,NONE
prog_000987,chatgpt,Python,0,0,0,NONE,67.4,PROVEN_SAFE,NONE
prog_000988,chatgpt,Python,0,0,0,NONE,60.6,PROVEN_SAFE,NONE
prog_000989,chatgpt,Python,1,0,0,NONE,80.0,STATIC_FP_RISK,STATIC_ONLY
prog_000990,chatgpt,Python,0,0,0,NONE,80.0,PROVEN_SAFE,NONE
prog_000991,chatgpt,Python,0,0,0,NONE,69.4,PROVEN_SAFE,NONE
prog_000992,chatgpt,Python,0,0,0,NONE,80.0,PROVEN_SAFE,NONE
prog_000993,chatgpt,Python,0,0,0,NONE,64.2,PROVEN_SAFE,NONE
prog_000994,chatgpt,Python,0,0,0,NONE,77.4,PROVEN_SAFE,NONE
prog_000995,chatgpt,Python,0,0,1,CWE-89,80.0,DYNAMIC_DISCOVERY,DYNAMIC_ONLY
prog_000996,chatgpt,Python,0,0,0,NONE,80.0,PROVEN_SAFE,NONE
prog_000997,chatgpt,Python,0,0,0,NONE,80.0,PROVEN_SAFE,NONE
prog_000998,chatgpt,Python,0,0,0,NONE,80.0,PROVEN_SAFE,NONE
prog_000999,chatgpt,Python,0,0,0,NONE,80.0,PROVEN_SAFE,NONE
prog_001000,chatgpt,Python,0,0,0,NONE,80.0,PROVEN_SAFE,NONE
prog_001001,chatgpt,Python,0,0,0,NONE,80.0,PROVEN_SAFE,NONE
prog_001002,chatgpt,Python,0,0,0,NONE,80.0,PROVEN_SAFE,NONE
prog_001003,chatgpt,Python,0,0,0,NONE,80.0,PROVEN_SAFE,NONE
prog_001004,chatgpt,Python,0,0,1,CWE-94,80.0,DYNAMIC_DISCOVERY,DYNAMIC_ONLY
prog_001005,chatgpt,Python,0,0,1,CWE-78,80.0,DYNAMIC_DISCOVERY,DYNAMIC_ONLY
prog_001006,chatgpt,Python,0,0,0,NONE,80.0,PROVEN_SAFE,NONE
prog_001007,chatgpt,Python,0,0,0,NONE,66.6,PROVEN_SAFE,NONE
prog_001008,chatgpt,Python,0,0,0,NONE,80.0,PROVEN_SAFE,NONE
prog_001009,chatgpt,Python,0,0,0,NONE,80.0,PROVEN_SAFE,NONE
prog_001010,chatgpt,Python,0,0,0,NONE,80.0,PROVEN_SAFE,NONE
prog_001011,chatgpt,Python,1,0,0,NONE,80.0,STATIC_FP_RISK,STATIC_ONLY
prog_001012,chatgpt,Python,0,0,0,NONE,80.0,PROVEN_SAFE,NONE
prog_001013,chatgpt,Python,1,0,1,CWE-94,80.0,CONFIRMED_VULNERABLE,STATIC_DYNAMIC
prog_001014,chatgpt,Python,0,0,0,NONE,80.0,PROVEN_SAFE,NONE
prog_001015,chatgpt,Python,1,0,0,NONE,80.0,STATIC_FP_RISK,STATIC_ONLY
prog_001016,chatgpt,Python,0,0,0,NONE,80.0,PROVEN_SAFE,NONE
prog_001017,chatgpt,Python,0,0,1,CWE-22,80.0,DYNAMIC_DISCOVERY,DYNAMIC_ONLY
prog_001018,chatgpt,Python,0,0,0,NONE,80.0,PROVEN_SAFE,NONE
prog_001019,chatgpt,Python,0,0,0,NONE,80.0,PROVEN_SAFE,NONE
prog_001020,chatgpt,Python,0,0,0,NONE,70.6,PROVEN_SAFE,NONE
prog_001021,chatgpt,Python,0,0,0,NONE,80.0,PROVEN_SAFE,NONE
prog_001022,chatgpt,Python,1,0,0,NONE,80.0,STATIC_FP_RISK,STATIC_ONLY
prog_001023,chatgpt,Python,1,0,0,NONE,80.0,STATIC_FP_RISK,STATIC_ONLY
prog_001024,chatgpt,Python,0,0,1,CWE-94,80.0,DYNAMIC_DISCOVERY,DYNAMIC_ONLY
prog_001025,chatgpt,Python,0,0,0,NONE,80.0,PROVEN_SAFE,NONE
prog_001026,chatgpt,Python,0,0,0,NONE,80.0,PROVEN_SAFE,NONE
prog_001027,chatgpt,Python,0,0,0,NONE,80.0,PROVEN_SAFE,NONE
prog_001028,chatgpt,Python,1,0,0,NONE,80.0,STATIC_FP_RISK,STATIC_ONLY
prog_001029,chatgpt,Python,0,0,0,NONE,80.0,PROVEN_SAFE,NONE
prog_001030,chatgpt,Python,1,0,1,CWE-94,80.0,CONFIRMED_VULNERABLE,STATIC_DYNAMIC
prog_001031,chatgpt,Python,1,0,0,NONE,80.0,STATIC_FP_RISK,STATIC_ONLY
prog_001032,chatgpt,Python,0,0,1,CWE-78,80.0,DYNAMIC_DISCOVERY,DYNAMIC_ONLY
prog_001033,chatgpt,Python,0,0,0,NONE,74.6,PROVEN_SAFE,NONE
prog_001034,chatgpt,Python,0,0,0,NONE,60.6,PROVEN_SAFE,NONE
prog_001035,chatgpt,Python,1,0,0,NONE,80.0,STATIC_FP_RISK,STATIC_ONLY
prog_001036,chatgpt,Python,0,0,0,NONE,80.0,PROVEN_SAFE,NONE
prog_001037,chatgpt,Python,0,0,0,NONE,80.0,PROVEN_SAFE,NONE
prog_001038,chatgpt,Python,1,0,0,NONE,75.4,STATIC_FP_RISK,STATIC_ONLY
prog_001039,chatgpt,Python,1,0,0,NONE,80.0,STATIC_FP_RISK,STATIC_ONLY
prog_001040,chatgpt,Python,1,0,1,CWE-22,80.0,CONFIRMED_VULNERABLE,STATIC_DYNAMIC
prog_001041,chatgpt,Python,0,0,0,NONE,80.0,PROVEN_SAFE,NONE
prog_001042,chatgpt,Python,1,0,0,NONE,70.6,STATIC_FP_RISK,STATIC_ONLY
prog_001043,chatgpt,Python,1,0,0,NONE,80.0,STATIC_FP_RISK,STATIC_ONLY
prog_001044,chatgpt,Python,1,0,0,NONE,67.4,STATIC_FP_RISK,STATIC_ONLY
prog_001045,chatgpt,Python,0,0,0,NONE,80.0,PROVEN_SAFE,NONE
prog_001046,chatgpt,Python,0,0,0,NONE,80.0,PROVEN_SAFE,NONE
prog_001047,chatgpt,Python,0,0,1,CWE-502,80.0,DYNAMIC_DISCOVERY,DYNAMIC_ONLY
prog_001048,chatgpt,Python,0,0,0,NONE,80.0,PROVEN_SAFE,NONE
prog_001049,chatgpt,Python,0,0,0,NONE,80.0,PROVEN_SAFE,NONE
prog_001050,chatgpt,Python,1,0,0,NONE,80.0,STATIC_FP_RISK,STATIC_ONLY
prog_001051,chatgpt,Python,1,0,0,NONE,80.0,STATIC_FP_RISK,STATIC_ONLY
prog_001052,chatgpt,Python,1,0,0,NONE,80.0,STATIC_FP_RISK,STATIC_ONLY
prog_001053,chatgpt,Python,1,0,0,NONE,80.0,STATIC_FP_RISK,STATIC_ONLY
prog_001054,chatgpt,Python,0,0,0,NONE,80.0,PROVEN_SAFE,NONE
prog_001055,chatgpt,Python,1,0,0,NONE,80.0,STATIC_FP_RISK,STATIC_ONLY
prog_001056,chatgpt,Python,0,0,0,NONE,80.0,PROVEN_SAFE,NONE
prog_001057,chatgpt,Python,0,0,0,NONE,75.8,PROVEN_SAFE,NONE
prog_001058,chatgpt,Python,0,0,1,CWE-78,80.0,DYNAMIC_DISCOVERY,DYNAMIC_ONLY
prog_001059,chatgpt,Python,1,0,0,NONE,80.0,STATIC_FP_RISK,STATIC_ONLY
prog_001060,chatgpt,Python,0,0,0,NONE,80.0,PROVEN_SAFE,NONE
prog_001061,chatgpt,Python,1,0,0,NONE,80.0,STATIC_FP_RISK,STATIC_ONLY
prog_001062,chatgpt,Python,1,0,0,NONE,80.0,STATIC_FP_RISK,STATIC_ONLY
prog_001063,chatgpt,Python,0,0,1,CWE-502,80.0,DYNAMIC_DISCOVERY,DYNAMIC_ONLY
prog_001064,chatgpt,Python,1,0,1,CWE-94,80.0,CONFIRMED_VULNERABLE,STATIC_DYNAMIC
prog_001065,chatgpt,Python,1,0,0,NONE,56.6,STATIC_FP_RISK,STATIC_ONLY
prog_001066,chatgpt,Python,0,0,0,NONE,80.0,PROVEN_SAFE,NONE
prog_001067,chatgpt,Python,1,0,0,NONE,80.0,STATIC_FP_RISK,STATIC_ONLY
prog_001068,chatgpt,Python,1,0,0,NONE,62.6,STATIC_FP_RISK,STATIC_ONLY
prog_001069,chatgpt,Python,1,0,0,NONE,80.0,STATIC_FP_RISK,STATIC_ONLY
prog_001070,chatgpt,Python,0,0,0,NONE,80.0,PROVEN_SAFE,NONE
prog_001071,chatgpt,Python,1,0,0,NONE,80.0,STATIC_FP_RISK,STATIC_ONLY
prog_001072,chatgpt,Python,0,0,0,NONE,80.0,PROVEN_SAFE,NONE
prog_001073,chatgpt,Python,0,0,0,NONE,78.2,PROVEN_SAFE,NONE
prog_001074,chatgpt,Python,0,0,0,NONE,80.0,PROVEN_SAFE,NONE
prog_001075,chatgpt,Python,0,0,0,NONE,64.6,PROVEN_SAFE,NONE
prog_001076,chatgpt,Python,0,0,1,CWE-22,80.0,DYNAMIC_DISCOVERY,DYNAMIC_ONLY
prog_001077,chatgpt,Python,0,0,0,NONE,65.8,PROVEN_SAFE,NONE
prog_001078,chatgpt,Python,1,0,0,NONE,70.2,STATIC_FP_RISK,STATIC_ONLY
prog_001079,chatgpt,Python,0,0,0,NONE,80.0,PROVEN_SAFE,NONE
prog_001080,chatgpt,Python,0,0,0,NONE,80.0,PROVEN_SAFE,NONE
prog_001081,chatgpt,Python,0,0,0,NONE,66.2,PROVEN_SAFE,NONE
prog_001082,chatgpt,Python,1,0,0,NONE,67.4,STATIC_FP_RISK,STATIC_ONLY
prog_001083,chatgpt,Python,0,0,1,CWE-22,80.0,DYNAMIC_DISCOVERY,DYNAMIC_ONLY
prog_001084,chatgpt,Python,1,0,0,NONE,80.0,STATIC_FP_RISK,STATIC_ONLY
prog_001085,chatgpt,Python,0,0,0,NONE,59.8,PROVEN_SAFE,NONE
prog_001086,chatgpt,Python,0,0,0,NONE,68.6,PROVEN_SAFE,NONE
prog_001087,chatgpt,Python,0,0,0,NONE,80.0,PROVEN_SAFE,NONE
prog_001088,chatgpt,Python,1,0,0,NONE,68.6,STATIC_FP_RISK,STATIC_ONLY
prog_001089,chatgpt,Python,0,0,1,CWE-22,80.0,DYNAMIC_DISCOVERY,DYNAMIC_ONLY
prog_001090,chatgpt,Python,0,0,0,NONE,80.0,PROVEN_SAFE,NONE
prog_001091,chatgpt,Python,1,0,0,NONE,58.6,STATIC_FP_RISK,STATIC_ONLY
prog_001092,chatgpt,Python,0,0,0,NONE,80.0,PROVEN_SAFE,NONE
prog_001093,chatgpt,Python,1,0,0,NONE,80.0,STATIC_FP_RISK,STATIC_ONLY
prog_001094,chatgpt,Python,0,0,0,NONE,80.0,PROVEN_SAFE,NONE
prog_001095,chatgpt,Python,0,0,0,NONE,80.0,PROVEN_SAFE,NONE
prog_001096,chatgpt,Python,1,0,0,NONE,80.0,STATIC_FP_RISK,STATIC_ONLY
prog_001097,chatgpt,Python,1,0,0,NONE,80.0,STATIC_FP_RISK,STATIC_ONLY
prog_001098,chatgpt,Python,1,0,0,NONE,80.0,STATIC_FP_RISK,STATIC_ONLY
prog_001099,chatgpt,Python,1,0,0,NONE,80.0,STATIC_FP_RISK,STATIC_ONLY
prog_001100,chatgpt,Python,0,0,0,NONE,80.0,PROVEN_SAFE,NONE
prog_001101,chatgpt,Python,0,0,1,CWE-94,80.0,DYNAMIC_DISCOVERY,DYNAMIC_ONLY
prog_001102,chatgpt,Python,0,0,1,CWE-94,80.0,DYNAMIC_DISCOVERY,DYNAMIC_ONLY
prog_001103,chatgpt,Python,0,0,0,NONE,80.0,PROVEN_SAFE,NONE
prog_001104,chatgpt,Python,1,0,0,NONE,80.0,STATIC_FP_RISK,STATIC_ONLY
prog_001105,chatgpt,Python,0,0,0,NONE,80.0,PROVEN_SAFE,NONE
prog_001106,chatgpt,Python,1,0,0,NONE,80.0,STATIC_FP_RISK,STATIC_ONLY
prog_001107,chatgpt,Python,1,0,0,NONE,63.4,STATIC_FP_RISK,STATIC_ONLY
prog_001108,chatgpt,Python,0,0,0,NONE,80.0,PROVEN_SAFE,NONE
prog_001109,chatgpt,Python,1,0,0,NONE,80.0,STATIC_FP_RISK,STATIC_ONLY
prog_001110,chatgpt,Python,1,0,0,NONE,80.0,STATIC_FP_RISK,STATIC_ONLY
prog_001111,chatgpt,Python,1,0,1,CWE-22,80.0,CONFIRMED_VULNERABLE,STATIC_DYNAMIC
prog_001112,chatgpt,Python,1,0,0,NONE,80.0,STATIC_FP_RISK,STATIC_ONLY
prog_001113,chatgpt,Python,1,0,0,NONE,80.0,STATIC_FP_RISK,STATIC_ONLY
prog_001114,chatgpt,Python,1,0,0,NONE,80.0,STATIC_FP_RISK,STATIC_ONLY
prog_001115,chatgpt,Python,0,0,1,CWE-22,80.0,DYNAMIC_DISCOVERY,DYNAMIC_ONLY
prog_001116,chatgpt,Python,0,0,1,CWE-94,80.0,DYNAMIC_DISCOVERY,DYNAMIC_ONLY
prog_001117,chatgpt,Python,1,0,0,NONE,71.8,STATIC_FP_RISK,STATIC_ONLY
prog_001118,chatgpt,Python,0,0,0,NONE,79.0,PROVEN_SAFE,NONE
prog_001119,chatgpt,Python,0,0,0,NONE,80.0,PROVEN_SAFE,NONE
prog_001120,chatgpt,Python,1,0,0,NONE,80.0,STATIC_FP_RISK,STATIC_ONLY
prog_001121,chatgpt,Python,1,0,0,NONE,63.8,STATIC_FP_RISK,STATIC_ONLY
prog_001122,chatgpt,Python,1,0,0,NONE,80.0,STATIC_FP_RISK,STATIC_ONLY
prog_001123,chatgpt,Python,1,0,0,NONE,80.0,STATIC_FP_RISK,STATIC_ONLY
prog_001124,chatgpt,Python,1,0,0,NONE,64.2,STATIC_FP_RISK,STATIC_ONLY
prog_001125,chatgpt,Python,0,0,0,NONE,67.0,PROVEN_SAFE,NONE
prog_001126,chatgpt,Python,0,0,1,CWE-94,80.0,DYNAMIC_DISCOVERY,DYNAMIC_ONLY
prog_001127,chatgpt,Python,1,0,0,NONE,80.0,STATIC_FP_RISK,STATIC_ONLY
prog_001128,chatgpt,Python,0,0,1,CWE-94,80.0,DYNAMIC_DISCOVERY,DYNAMIC_ONLY
prog_001129,chatgpt,Python,0,0,0,NONE,69.0,PROVEN_SAFE,NONE
prog_001130,chatgpt,Python,0,0,0,NONE,80.0,PROVEN_SAFE,NONE
prog_001131,chatgpt,Python,0,0,0,NONE,80.0,PROVEN_SAFE,NONE
prog_001132,chatgpt,Python,0,0,0,NONE,80.0,PROVEN_SAFE,NONE
prog_001133,chatgpt,Python,1,0,0,NONE,70.6,STATIC_FP_RISK,STATIC_ONLY
prog_001134,chatgpt,Python,0,0,0,NONE,63.4,PROVEN_SAFE,NONE
prog_001135,chatgpt,Python,0,0,0,NONE,80.0,PROVEN_SAFE,NONE
prog_001136,chatgpt,Python,0,0,0,NONE,63.8,PROVEN_SAFE,NONE
prog_001137,chatgpt,Python,0,0,0,NONE,80.0,PROVEN_SAFE,NONE
prog_001138,chatgpt,Python,0,0,0,NONE,65.8,PROVEN_SAFE,NONE
prog_001139,chatgpt,Python,1,0,1,CWE-78,80.0,CONFIRMED_VULNERABLE,STATIC_DYNAMIC
prog_001140,chatgpt,Python,0,0,0,NONE,61.4,PROVEN_SAFE,NONE
prog_001141,chatgpt,Python,1,0,0,NONE,80.0,STATIC_FP_RISK,STATIC_ONLY
prog_001142,chatgpt,Python,1,0,0,NONE,79.8,STATIC_FP_RISK,STATIC_ONLY
prog_001143,chatgpt,Python,1,0,1,CWE-22,80.0,CONFIRMED_VULNERABLE,STATIC_DYNAMIC
prog_001144,chatgpt,Python,1,0,0,NONE,67.4,STATIC_FP_RISK,STATIC_ONLY
prog_001145,chatgpt,Python,0,0,0,NONE,80.0,PROVEN_SAFE,NONE
prog_001146,chatgpt,Python,0,0,0,NONE,80.0,PROVEN_SAFE,NONE
prog_001147,chatgpt,Python,1,0,1,CWE-89,80.0,CONFIRMED_VULNERABLE,STATIC_DYNAMIC
prog_001148,chatgpt,Python,0,0,1,CWE-94,80.0,DYNAMIC_DISCOVERY,DYNAMIC_ONLY
prog_001149,chatgpt,Python,1,0,0,NONE,80.0,STATIC_FP_RISK,STATIC_ONLY
prog_001150,chatgpt,Python,1,0,0,NONE,80.0,STATIC_FP_RISK,STATIC_ONLY
prog_001151,chatgpt,Python,1,0,1,CWE-78,64.2,CONFIRMED_VULNERABLE,STATIC_DYNAMIC
prog_001152,chatgpt,Python,1,0,0,NONE,80.0,STATIC_FP_RISK,STATIC_ONLY
prog_001153,chatgpt,Python,0,0,0,NONE,71.8,PROVEN_SAFE,NONE
prog_001154,chatgpt,Python,1,0,0,NONE,80.0,STATIC_FP_RISK,STATIC_ONLY
prog_001155,chatgpt,Python,1,0,1,CWE-22,80.0,CONFIRMED_VULNERABLE,STATIC_DYNAMIC
prog_001156,chatgpt,Python,0,0,0,NONE,58.2,PROVEN_SAFE,NONE
prog_001157,chatgpt,Python,0,0,0,NONE,80.0,PROVEN_SAFE,NONE
prog_001158,chatgpt,Python,0,0,1,CWE-502,80.0,DYNAMIC_DISCOVERY,DYNAMIC_ONLY
prog_001159,chatgpt,Python,1,0,0,NONE,80.0,STATIC_FP_RISK,STATIC_ONLY
prog_001160,chatgpt,Python,1,0,0,NONE,80.0,STATIC_FP_RISK,STATIC_ONLY
prog_001161,chatgpt,Python,1,0,0,NONE,79.8,STATIC_FP_RISK,STATIC_ONLY
prog_001162,chatgpt,Python,0,0,0,NONE,80.0,PROVEN_SAFE,NONE
prog_001163,chatgpt,Python,1,0,0,NONE,79.8,STATIC_FP_RISK,STATIC_ONLY
prog_001164,chatgpt,Python,0,0,0,NONE,80.0,PROVEN_SAFE,NONE
prog_001165,chatgpt,Python,0,0,0,NONE,80.0,PROVEN_SAFE,NONE
prog_001166,chatgpt,Python,1,0,0,NONE,80.0,STATIC_FP_RISK,STATIC_ONLY
prog_001167,chatgpt,Python,1,0,0,NONE,80.0,STATIC_FP_RISK,STATIC_ONLY
prog_001168,chatgpt,Python,1,0,0,NONE,80.0,STATIC_FP_RISK,STATIC_ONLY
prog_001169,chatgpt,Python,0,0,1,CWE-89,80.0,DYNAMIC_DISCOVERY,DYNAMIC_ONLY
prog_001170,chatgpt,Python,0,0,0,NONE,80.0,PROVEN_SAFE,NONE
prog_001171,chatgpt,Python,0,0,0,NONE,80.0,PROVEN_SAFE,NONE
prog_001172,chatgpt,Python,1,0,0,NONE,80.0,STATIC_FP_RISK,STATIC_ONLY
prog_001173,chatgpt,Python,1,0,0,NONE,80.0,STATIC_FP_RISK,STATIC_ONLY
prog_001174,chatgpt,Python,0,0,1,CWE-502,80.0,DYNAMIC_DISCOVERY,DYNAMIC_ONLY
prog_001175,chatgpt,Python,0,0,0,NONE,80.0,PROVEN_SAFE,NONE
prog_001176,chatgpt,Python,1,0,0,NONE,80.0,STATIC_FP_RISK,STATIC_ONLY
prog_001177,chatgpt,Python,0,0,0,NONE,80.0,PROVEN_SAFE,NONE
prog_001178,chatgpt,Python,0,0,0,NONE,74.6,PROVEN_SAFE,NONE
prog_001179,chatgpt,Python,0,0,0,NONE,80.0,PROVEN_SAFE,NONE
prog_001180,chatgpt,Python,1,0,1,CWE-78,80.0,CONFIRMED_VULNERABLE,STATIC_DYNAMIC
prog_001181,chatgpt,Python,1,0,0,NONE,80.0,STATIC_FP_RISK,STATIC_ONLY
prog_001182,chatgpt,Python,0,0,0,NONE,80.0,PROVEN_SAFE,NONE
prog_001183,chatgpt,Python,0,0,0,NONE,80.0,PROVEN_SAFE,NONE
prog_001184,chatgpt,Python,1,0,0,NONE,80.0,STATIC_FP_RISK,STATIC_ONLY
prog_001185,chatgpt,Python,0,0,0,NONE,80.0,PROVEN_SAFE,NONE
prog_001186,chatgpt,Python,1,0,0,NONE,80.0,STATIC_FP_RISK,STATIC_ONLY
prog_001187,chatgpt,Python,1,0,0,NONE,80.0,STATIC_FP_RISK,STATIC_ONLY
prog_001188,chatgpt,Python,0,0,0,NONE,80.0,PROVEN_SAFE,NONE
prog_001189,chatgpt,Python,1,0,1,CWE-94,80.0,CONFIRMED_VULNERABLE,STATIC_DYNAMIC
prog_001190,chatgpt,Python,1,0,0,NONE,80.0,STATIC_FP_RISK,STATIC_ONLY
prog_001191,chatgpt,Python,1,0,1,CWE-78,80.0,CONFIRMED_VULNERABLE,STATIC_DYNAMIC
prog_001192,chatgpt,Python,1,0,0,NONE,80.0,STATIC_FP_RISK,STATIC_ONLY
prog_001193,chatgpt,Python,1,0,0,NONE,80.0,STATIC_FP_RISK,STATIC_ONLY
prog_001194,chatgpt,Python,1,0,0,NONE,80.0,STATIC_FP_RISK,STATIC_ONLY
prog_001195,chatgpt,Python,0,0,0,NONE,80.0,PROVEN_SAFE,NONE
prog_001196,chatgpt,Python,1,0,1,CWE-22,80.0,CONFIRMED_VULNERABLE,STATIC_DYNAMIC
prog_001197,chatgpt,Python,1,0,0,NONE,75.4,STATIC_FP_RISK,STATIC_ONLY
prog_001198,chatgpt,Python,1,0,0,NONE,80.0,STATIC_FP_RISK,STATIC_ONLY
prog_001199,chatgpt,Python,1,0,0,NONE,80.0,STATIC_FP_RISK,STATIC_ONLY
prog_001200,chatgpt,Python,0,0,0,NONE,80.0,PROVEN_SAFE,NONE
prog_001201,chatgpt,Python,1,0,1,CWE-22,80.0,CONFIRMED_VULNERABLE,STATIC_DYNAMIC
prog_001202,chatgpt,Python,1,0,0,NONE,65.8,STATIC_FP_RISK,STATIC_ONLY
prog_001203,chatgpt,Python,0,0,0,NONE,80.0,PROVEN_SAFE,NONE
prog_001204,chatgpt,Python,0,0,0,NONE,80.0,PROVEN_SAFE,NONE
prog_001205,chatgpt,Python,0,0,0,NONE,80.0,PROVEN_SAFE,NONE
prog_001206,chatgpt,Python,1,0,0,NONE,80.0,STATIC_FP_RISK,STATIC_ONLY
prog_001207,chatgpt,Python,1,0,0,NONE,80.0,STATIC_FP_RISK,STATIC_ONLY
prog_001208,chatgpt,Python,1,0,0,NONE,80.0,STATIC_FP_RISK,STATIC_ONLY
prog_001209,chatgpt,Python,0,0,0,NONE,80.0,PROVEN_SAFE,NONE
prog_001210,chatgpt,Python,0,0,1,CWE-502,80.0,DYNAMIC_DISCOVERY,DYNAMIC_ONLY
prog_001211,chatgpt,Python,1,0,0,NONE,80.0,STATIC_FP_RISK,STATIC_ONLY
prog_001212,chatgpt,Python,1,0,0,NONE,68.2,STATIC_FP_RISK,STATIC_ONLY
prog_001213,chatgpt,Python,0,0,0,NONE,74.2,PROVEN_SAFE,NONE
prog_001214,chatgpt,Python,1,0,1,CWE-502,80.0,CONFIRMED_VULNERABLE,STATIC_DYNAMIC
prog_001215,chatgpt,Python,1,0,0,NONE,71.0,STATIC_FP_RISK,STATIC_ONLY
prog_001216,chatgpt,Python,0,0,0,NONE,80.0,PROVEN_SAFE,NONE
prog_001217,chatgpt,Python,0,0,0,NONE,63.0,PROVEN_SAFE,NONE
prog_001218,chatgpt,Python,0,0,0,NONE,74.2,PROVEN_SAFE,NONE
prog_001219,chatgpt,Python,1,0,1,CWE-94,80.0,CONFIRMED_VULNERABLE,STATIC_DYNAMIC
prog_001220,chatgpt,Python,1,0,0,NONE,73.8,STATIC_FP_RISK,STATIC_ONLY
prog_001221,chatgpt,Python,0,0,1,CWE-502,80.0,DYNAMIC_DISCOVERY,DYNAMIC_ONLY
prog_001222,chatgpt,Python,1,0,0,NONE,65.8,STATIC_FP_RISK,STATIC_ONLY
prog_001223,chatgpt,Python,0,0,1,CWE-502,80.0,DYNAMIC_DISCOVERY,DYNAMIC_ONLY
prog_001224,chatgpt,Python,0,0,0,NONE,75.8,PROVEN_SAFE,NONE
prog_001225,chatgpt,Python,0,0,0,NONE,80.0,PROVEN_SAFE,NONE
prog_001226,chatgpt,Python,1,0,1,CWE-78,80.0,CONFIRMED_VULNERABLE,STATIC_DYNAMIC
prog_001227,chatgpt,Python,0,0,0,NONE,80.0,PROVEN_SAFE,NONE
prog_001228,chatgpt,Python,0,0,1,CWE-502,67.8,DYNAMIC_DISCOVERY,DYNAMIC_ONLY
prog_001229,chatgpt,Python,0,0,0,NONE,71.4,PROVEN_SAFE,NONE
prog_001230,chatgpt,Python,1,0,0,NONE,80.0,STATIC_FP_RISK,STATIC_ONLY
prog_001231,chatgpt,Python,0,0,0,NONE,80.0,PROVEN_SAFE,NONE
prog_001232,chatgpt,Python,0,0,1,CWE-22,63.8,DYNAMIC_DISCOVERY,DYNAMIC_ONLY
prog_001233,chatgpt,Python,1,0,0,NONE,66.6,STATIC_FP_RISK,STATIC_ONLY
prog_001234,chatgpt,Python,1,0,0,NONE,80.0,STATIC_FP_RISK,STATIC_ONLY
prog_001235,chatgpt,Python,0,0,0,NONE,80.0,PROVEN_SAFE,NONE
prog_001236,chatgpt,Python,0,0,0,NONE,64.6,PROVEN_SAFE,NONE
prog_001237,chatgpt,Python,0,0,1,CWE-94,80.0,DYNAMIC_DISCOVERY,DYNAMIC_ONLY
prog_001238,chatgpt,Python,0,0,0,NONE,80.0,PROVEN_SAFE,NONE
prog_001239,chatgpt,Python,1,0,0,NONE,71.4,STATIC_FP_RISK,STATIC_ONLY
prog_001240,chatgpt,Python,1,0,0,NONE,80.0,STATIC_FP_RISK,STATIC_ONLY
prog_001241,chatgpt,Python,1,0,0,NONE,80.0,STATIC_FP_RISK,STATIC_ONLY
prog_001242,chatgpt,Python,0,0,0,NONE,61.0,PROVEN_SAFE,NONE
prog_001243,chatgpt,Python,1,0,0,NONE,80.0,STATIC_FP_RISK,STATIC_ONLY
prog_001244,chatgpt,Python,1,0,0,NONE,80.0,STATIC_FP_RISK,STATIC_ONLY
prog_001245,chatgpt,Python,1,0,0,NONE,80.0,STATIC_FP_RISK,STATIC_ONLY
prog_001246,chatgpt,Python,0,0,0,NONE,62.2,PROVEN_SAFE,NONE
prog_001247,chatgpt,Python,1,0,0,NONE,80.0,STATIC_FP_RISK,STATIC_ONLY
prog_001248,chatgpt,Python,1,0,1,CWE-502,80.0,CONFIRMED_VULNERABLE,STATIC_DYNAMIC
prog_001249,chatgpt,Python,0,0,0,NONE,80.0,PROVEN_SAFE,NONE
prog_001250,chatgpt,Python,1,0,0,NONE,80.0,STATIC_FP_RISK,STATIC_ONLY
prog_001251,chatgpt,Python,1,0,0,NONE,80.0,STATIC_FP_RISK,STATIC_ONLY
prog_001252,chatgpt,Python,0,0,0,NONE,79.8,PROVEN_SAFE,NONE
prog_001253,chatgpt,Python,0,0,0,NONE,75.8,PROVEN_SAFE,NONE
prog_001254,chatgpt,Python,1,0,0,NONE,80.0,STATIC_FP_RISK,STATIC_ONLY
prog_001255,chatgpt,Python,1,0,0,NONE,80.0,STATIC_FP_RISK,STATIC_ONLY
prog_001256,chatgpt,Python,1,0,1,CWE-502,80.0,CONFIRMED_VULNERABLE,STATIC_DYNAMIC
prog_001257,chatgpt,Python,1,0,0,NONE,80.0,STATIC_FP_RISK,STATIC_ONLY
prog_001258,chatgpt,Python,0,0,1,CWE-78,80.0,DYNAMIC_DISCOVERY,DYNAMIC_ONLY
prog_001259,chatgpt,Python,1,0,0,NONE,80.0,STATIC_FP_RISK,STATIC_ONLY
prog_001260,chatgpt,Python,1,0,1,CWE-502,80.0,CONFIRMED_VULNERABLE,STATIC_DYNAMIC
prog_001261,chatgpt,Python,1,0,0,NONE,80.0,STATIC_FP_RISK,STATIC_ONLY
prog_001262,chatgpt,Python,1,0,0,NONE,80.0,STATIC_FP_RISK,STATIC_ONLY
prog_001263,chatgpt,Python,0,0,1,CWE-94,80.0,DYNAMIC_DISCOVERY,DYNAMIC_ONLY
prog_001264,chatgpt,Python,0,0,0,NONE,80.0,PROVEN_SAFE,NONE
prog_001265,chatgpt,Python,1,0,0,NONE,75.4,STATIC_FP_RISK,STATIC_ONLY
prog_001266,chatgpt,Python,0,0,1,CWE-22,80.0,DYNAMIC_DISCOVERY,DYNAMIC_ONLY
prog_001267,chatgpt,Python,0,0,0,NONE,60.6,PROVEN_SAFE,NONE
prog_001268,chatgpt,Python,0,0,1,CWE-502,80.0,DYNAMIC_DISCOVERY,DYNAMIC_ONLY
prog_001269,chatgpt,Python,0,0,1,CWE-502,80.0,DYNAMIC_DISCOVERY,DYNAMIC_ONLY
prog_001270,chatgpt,Python,0,0,0,NONE,80.0,PROVEN_SAFE,NONE
prog_001271,chatgpt,Python,1,0,1,CWE-94,80.0,CONFIRMED_VULNERABLE,STATIC_DYNAMIC
prog_001272,chatgpt,Python,0,0,0,NONE,80.0,PROVEN_SAFE,NONE
prog_001273,chatgpt,Python,0,0,1,CWE-502,80.0,DYNAMIC_DISCOVERY,DYNAMIC_ONLY
prog_001274,chatgpt,Python,1,0,0,NONE,80.0,STATIC_FP_RISK,STATIC_ONLY
prog_001275,chatgpt,Python,1,0,0,NONE,80.0,STATIC_FP_RISK,STATIC_ONLY
prog_001276,chatgpt,Python,0,0,1,CWE-22,80.0,DYNAMIC_DISCOVERY,DYNAMIC_ONLY
prog_001277,chatgpt,Python,0,0,0,NONE,80.0,PROVEN_SAFE,NONE
prog_001278,chatgpt,Python,0,0,1,CWE-94,80.0,DYNAMIC_DISCOVERY,DYNAMIC_ONLY
prog_001279,chatgpt,Python,0,0,0,NONE,80.0,PROVEN_SAFE,NONE
prog_001280,chatgpt,Python,0,0,0,NONE,80.0,PROVEN_SAFE,NONE
prog_001281,chatgpt,Python,0,0,0,NONE,74.6,PROVEN_SAFE,NONE
prog_001282,chatgpt,Python,1,0,0,NONE,80.0,STATIC_FP_RISK,STATIC_ONLY
prog_001283,chatgpt,Python,0,0,0,NONE,61.4,PROVEN_SAFE,NONE
prog_001284,chatgpt,Python,0,0,0,NONE,80.0,PROVEN_SAFE,NONE
prog_001285,chatgpt,Python,0,0,0,NONE,80.0,PROVEN_SAFE,NONE
prog_001286,chatgpt,Python,1,0,0,NONE,71.0,STATIC_FP_RISK,STATIC_ONLY
prog_001287,chatgpt,Python,0,0,1,CWE-502,80.0,DYNAMIC_DISCOVERY,DYNAMIC_ONLY
prog_001288,chatgpt,Python,1,0,1,CWE-94,80.0,CONFIRMED_VULNERABLE,STATIC_DYNAMIC
prog_001289,chatgpt,Python,1,0,0,NONE,80.0,STATIC_FP_RISK,STATIC_ONLY
prog_001290,chatgpt,Python,0,0,0,NONE,80.0,PROVEN_SAFE,NONE
prog_001291,chatgpt,Python,1,0,0,NONE,69.4,STATIC_FP_RISK,STATIC_ONLY
prog_001292,chatgpt,Python,0,0,0,NONE,80.0,PROVEN_SAFE,NONE
prog_001293,chatgpt,Python,0,0,0,NONE,80.0,PROVEN_SAFE,NONE
prog_001294,chatgpt,Python,1,0,0,NONE,80.0,STATIC_FP_RISK,STATIC_ONLY
prog_001295,chatgpt,Python,0,0,0,NONE,57.8,PROVEN_SAFE,NONE
prog_001296,chatgpt,Python,1,0,0,NONE,75.4,STATIC_FP_RISK,STATIC_ONLY
prog_001297,chatgpt,Python,1,0,0,NONE,63.0,STATIC_FP_RISK,STATIC_ONLY
prog_001298,chatgpt,Python,0,0,0,NONE,63.8,PROVEN_SAFE,NONE
prog_001299,chatgpt,Python,0,0,0,NONE,76.6,PROVEN_SAFE,NONE
prog_001300,chatgpt,Python,0,0,0,NONE,63.0,PROVEN_SAFE,NONE
prog_001301,chatgpt,Python,0,0,0,NONE,77.0,PROVEN_SAFE,NONE
prog_001302,chatgpt,Python,1,0,0,NONE,79.8,STATIC_FP_RISK,STATIC_ONLY
prog_001303,chatgpt,Python,1,0,0,NONE,69.0,STATIC_FP_RISK,STATIC_ONLY
prog_001304,chatgpt,Python,1,0,1,CWE-502,80.0,CONFIRMED_VULNERABLE,STATIC_DYNAMIC
prog_001305,chatgpt,Python,0,0,1,CWE-78,80.0,DYNAMIC_DISCOVERY,DYNAMIC_ONLY
prog_001306,chatgpt,Python,0,0,0,NONE,80.0,PROVEN_SAFE,NONE
prog_001307,chatgpt,Python,1,0,0,NONE,80.0,STATIC_FP_RISK,STATIC_ONLY
prog_001308,chatgpt,Python,0,0,0,NONE,80.0,PROVEN_SAFE,NONE
prog_001309,chatgpt,Python,1,0,0,NONE,75.0,STATIC_FP_RISK,STATIC_ONLY
prog_001310,chatgpt,Python,1,0,1,CWE-94,80.0,CONFIRMED_VULNERABLE,STATIC_DYNAMIC
prog_001311,chatgpt,Python,1,0,0,NONE,80.0,STATIC_FP_RISK,STATIC_ONLY
prog_001312,chatgpt,Python,0,0,1,CWE-94,80.0,DYNAMIC_DISCOVERY,DYNAMIC_ONLY
prog_001313,chatgpt,Python,1,0,0,NONE,80.0,STATIC_FP_RISK,STATIC_ONLY
prog_001314,chatgpt,Python,1,0,1,CWE-22,80.0,CONFIRMED_VULNERABLE,STATIC_DYNAMIC
prog_001315,chatgpt,Python,1,0,1,CWE-22,69.0,CONFIRMED_VULNERABLE,STATIC_DYNAMIC
prog_001316,chatgpt,Python,0,0,0,NONE,80.0,PROVEN_SAFE,NONE
prog_001317,chatgpt,Python,1,0,0,NONE,80.0,STATIC_FP_RISK,STATIC_ONLY
prog_001318,chatgpt,Python,0,0,0,NONE,80.0,PROVEN_SAFE,NONE
prog_001319,chatgpt,Python,0,0,0,NONE,80.0,PROVEN_SAFE,NONE
prog_001320,chatgpt,Python,1,0,0,NONE,75.8,STATIC_FP_RISK,STATIC_ONLY
prog_001321,chatgpt,Python,0,0,0,NONE,80.0,PROVEN_SAFE,NONE
prog_001322,chatgpt,Python,1,0,0,NONE,80.0,STATIC_FP_RISK,STATIC_ONLY
prog_001323,chatgpt,Python,1,0,1,CWE-22,72.6,CONFIRMED_VULNERABLE,STATIC_DYNAMIC
prog_001324,chatgpt,Python,0,0,0,NONE,80.0,PROVEN_SAFE,NONE
prog_001325,chatgpt,Python,1,0,0,NONE,80.0,STATIC_FP_RISK,STATIC_ONLY
prog_001326,chatgpt,Python,0,0,0,NONE,80.0,PROVEN_SAFE,NONE
prog_001327,chatgpt,Python,1,0,0,NONE,80.0,STATIC_FP_RISK,STATIC_ONLY
prog_001328,chatgpt,Python,1,0,0,NONE,78.2,STATIC_FP_RISK,STATIC_ONLY
prog_001329,chatgpt,Python,0,0,0,NONE,80.0,PROVEN_SAFE,NONE
prog_001330,chatgpt,Python,1,0,0,NONE,80.0,STATIC_FP_RISK,STATIC_ONLY
prog_001331,chatgpt,Python,1,0,0,NONE,80.0,STATIC_FP_RISK,STATIC_ONLY
prog_001332,chatgpt,Python,0,0,0,NONE,80.0,PROVEN_SAFE,NONE
prog_001333,chatgpt,Python,0,0,0,NONE,80.0,PROVEN_SAFE,NONE
prog_001334,chatgpt,Python,1,0,0,NONE,80.0,STATIC_FP_RISK,STATIC_ONLY
prog_001335,chatgpt,Python,0,0,0,NONE,80.0,PROVEN_SAFE,NONE
prog_001336,chatgpt,Python,0,0,1,CWE-94,69.0,DYNAMIC_DISCOVERY,DYNAMIC_ONLY
prog_001337,chatgpt,Python,0,0,0,NONE,80.0,PROVEN_SAFE,NONE
prog_001338,chatgpt,Python,1,0,0,NONE,80.0,STATIC_FP_RISK,STATIC_ONLY
prog_001339,chatgpt,Python,0,0,0,NONE,80.0,PROVEN_SAFE,NONE
prog_001340,chatgpt,Python,0,0,0,NONE,64.2,PROVEN_SAFE,NONE
prog_001341,chatgpt,Python,1,0,0,NONE,80.0,STATIC_FP_RISK,STATIC_ONLY
prog_001342,chatgpt,Python,1,0,0,NONE,80.0,STATIC_FP_RISK,STATIC_ONLY
prog_001343,chatgpt,Python,1,0,0,NONE,80.0,STATIC_FP_RISK,STATIC_ONLY
prog_001344,chatgpt,Python,0,0,0,NONE,80.0,PROVEN_SAFE,NONE
prog_001345,chatgpt,Python,1,0,0,NONE,73.8,STATIC_FP_RISK,STATIC_ONLY
prog_001346,chatgpt,Python,0,0,0,NONE,80.0,PROVEN_SAFE,NONE
prog_001347,chatgpt,Python,0,0,0,NONE,80.0,PROVEN_SAFE,NONE
prog_001348,chatgpt,Python,0,0,0,NONE,80.0,PROVEN_SAFE,NONE
prog_001349,chatgpt,Python,1,0,0,NONE,80.0,STATIC_FP_RISK,STATIC_ONLY
prog_001350,chatgpt,Python,0,0,0,NONE,80.0,PROVEN_SAFE,NONE
prog_001351,chatgpt,Python,1,0,0,NONE,80.0,STATIC_FP_RISK,STATIC_ONLY
prog_001352,chatgpt,Python,0,0,1,CWE-89,80.0,DYNAMIC_DISCOVERY,DYNAMIC_ONLY
prog_001353,chatgpt,Python,0,0,0,NONE,80.0,PROVEN_SAFE,NONE
prog_001354,chatgpt,Python,1,0,0,NONE,80.0,STATIC_FP_RISK,STATIC_ONLY
prog_001355,chatgpt,Python,0,0,0,NONE,80.0,PROVEN_SAFE,NONE
prog_001356,chatgpt,Python,1,0,0,NONE,72.2,STATIC_FP_RISK,STATIC_ONLY
prog_001357,chatgpt,Python,0,0,0,NONE,80.0,PROVEN_SAFE,NONE
prog_001358,chatgpt,Python,0,0,0,NONE,80.0,PROVEN_SAFE,NONE
prog_001359,chatgpt,Python,1,0,1,CWE-22,80.0,CONFIRMED_VULNERABLE,STATIC_DYNAMIC
prog_001360,chatgpt,Python,1,0,0,NONE,80.0,STATIC_FP_RISK,STATIC_ONLY
prog_001361,chatgpt,Python,0,0,1,CWE-94,80.0,DYNAMIC_DISCOVERY,DYNAMIC_ONLY
prog_001362,chatgpt,Python,0,0,0,NONE,80.0,PROVEN_SAFE,NONE
prog_001363,chatgpt,Python,0,0,0,NONE,80.0,PROVEN_SAFE,NONE
prog_001364,chatgpt,Python,1,0,1,CWE-94,68.6,CONFIRMED_VULNERABLE,STATIC_DYNAMIC
prog_001365,chatgpt,Python,1,0,0,NONE,80.0,STATIC_FP_RISK,STATIC_ONLY
prog_001366,chatgpt,Python,1,0,0,NONE,80.0,STATIC_FP_RISK,STATIC_ONLY
prog_001367,chatgpt,Python,0,0,0,NONE,80.0,PROVEN_SAFE,NONE
prog_001368,chatgpt,Python,1,0,0,NONE,80.0,STATIC_FP_RISK,STATIC_ONLY
prog_001369,chatgpt,Python,0,0,0,NONE,80.0,PROVEN_SAFE,NONE
prog_001370,chatgpt,Python,0,0,0,NONE,80.0,PROVEN_SAFE,NONE
prog_001371,chatgpt,Python,0,0,0,NONE,80.0,PROVEN_SAFE,NONE
prog_001372,chatgpt,Python,1,0,0,NONE,80.0,STATIC_FP_RISK,STATIC_ONLY
prog_001373,chatgpt,Python,0,0,1,CWE-502,80.0,DYNAMIC_DISCOVERY,DYNAMIC_ONLY
prog_001374,chatgpt,Python,0,0,1,CWE-78,80.0,DYNAMIC_DISCOVERY,DYNAMIC_ONLY
prog_001375,chatgpt,Python,0,0,0,NONE,80.0,PROVEN_SAFE,NONE
prog_001376,chatgpt,Python,1,0,0,NONE,80.0,STATIC_FP_RISK,STATIC_ONLY
prog_001377,chatgpt,Python,0,0,1,CWE-95,80.0,DYNAMIC_DISCOVERY,DYNAMIC_ONLY
prog_001378,chatgpt,Python,1,0,1,CWE-22,80.0,CONFIRMED_VULNERABLE,STATIC_DYNAMIC
prog_001379,chatgpt,Python,0,0,0,NONE,59.4,PROVEN_SAFE,NONE
prog_001380,chatgpt,Python,1,0,0,NONE,64.2,STATIC_FP_RISK,STATIC_ONLY
prog_001381,chatgpt,Python,1,0,0,NONE,75.4,STATIC_FP_RISK,STATIC_ONLY
prog_001382,chatgpt,Python,1,0,0,NONE,80.0,STATIC_FP_RISK,STATIC_ONLY
prog_001383,chatgpt,Python,0,0,0,NONE,80.0,PROVEN_SAFE,NONE
prog_001384,chatgpt,Python,0,0,1,CWE-22,80.0,DYNAMIC_DISCOVERY,DYNAMIC_ONLY
prog_001385,chatgpt,Python,0,0,1,CWE-89,80.0,DYNAMIC_DISCOVERY,DYNAMIC_ONLY
prog_001386,chatgpt,Python,0,0,1,CWE-94,80.0,DYNAMIC_DISCOVERY,DYNAMIC_ONLY
prog_001387,chatgpt,Python,1,0,1,CWE-94,80.0,CONFIRMED_VULNERABLE,STATIC_DYNAMIC
prog_001388,chatgpt,Python,0,0,0,NONE,80.0,PROVEN_SAFE,NONE
prog_001389,chatgpt,Python,0,0,0,NONE,80.0,PROVEN_SAFE,NONE
prog_001390,chatgpt,Python,1,0,0,NONE,80.0,STATIC_FP_RISK,STATIC_ONLY
prog_001391,chatgpt,Python,1,0,0,NONE,80.0,STATIC_FP_RISK,STATIC_ONLY
prog_001392,chatgpt,Python,0,0,0,NONE,80.0,PROVEN_SAFE,NONE
prog_001393,chatgpt,Python,1,0,0,NONE,74.6,STATIC_FP_RISK,STATIC_ONLY
prog_001394,chatgpt,Python,1,0,0,NONE,80.0,STATIC_FP_RISK,STATIC_ONLY
prog_001395,chatgpt,Python,1,0,0,NONE,73.0,STATIC_FP_RISK,STATIC_ONLY
prog_001396,chatgpt,Python,1,0,1,CWE-94,80.0,CONFIRMED_VULNERABLE,STATIC_DYNAMIC
prog_001397,chatgpt,Python,1,0,0,NONE,71.4,STATIC_FP_RISK,STATIC_ONLY
prog_001398,chatgpt,Python,0,0,0,NONE,70.6,PROVEN_SAFE,NONE
prog_001399,chatgpt,Python,0,0,0,NONE,80.0,PROVEN_SAFE,NONE
prog_001400,chatgpt,Python,0,0,0,NONE,60.2,PROVEN_SAFE,NONE
prog_001401,chatgpt,Python,0,0,1,CWE-502,80.0,DYNAMIC_DISCOVERY,DYNAMIC_ONLY
prog_001402,chatgpt,Python,1,0,0,NONE,80.0,STATIC_FP_RISK,STATIC_ONLY
prog_001403,chatgpt,Python,1,0,0,NONE,80.0,STATIC_FP_RISK,STATIC_ONLY
prog_001404,chatgpt,Python,1,0,0,NONE,80.0,STATIC_FP_RISK,STATIC_ONLY
prog_001405,chatgpt,Python,0,0,1,CWE-22,80.0,DYNAMIC_DISCOVERY,DYNAMIC_ONLY
prog_001406,chatgpt,Python,0,0,0,NONE,80.0,PROVEN_SAFE,NONE
prog_001407,chatgpt,Python,1,0,0,NONE,79.0,STATIC_FP_RISK,STATIC_ONLY
prog_001408,chatgpt,Python,0,0,0,NONE,80.0,PROVEN_SAFE,NONE
prog_001409,chatgpt,Python,1,0,0,NONE,68.6,STATIC_FP_RISK,STATIC_ONLY
prog_001410,chatgpt,Python,0,0,0,NONE,80.0,PROVEN_SAFE,NONE
prog_001411,chatgpt,Python,1,0,0,NONE,72.6,STATIC_FP_RISK,STATIC_ONLY
prog_001412,chatgpt,Python,1,0,0,NONE,80.0,STATIC_FP_RISK,STATIC_ONLY
prog_001413,chatgpt,Python,0,0,0,NONE,80.0,PROVEN_SAFE,NONE
prog_001414,chatgpt,Python,0,0,0,NONE,71.4,PROVEN_SAFE,NONE
prog_001415,chatgpt,Python,1,0,0,NONE,80.0,STATIC_FP_RISK,STATIC_ONLY
prog_001416,chatgpt,Python,1,0,0,NONE,80.0,STATIC_FP_RISK,STATIC_ONLY
prog_001417,chatgpt,Python,0,0,0,NONE,80.0,PROVEN_SAFE,NONE
prog_001418,chatgpt,Python,0,0,0,NONE,80.0,PROVEN_SAFE,NONE
prog_001419,chatgpt,Python,1,0,0,NONE,80.0,STATIC_FP_RISK,STATIC_ONLY
prog_001420,chatgpt,Python,1,0,0,NONE,80.0,STATIC_FP_RISK,STATIC_ONLY
prog_001421,chatgpt,Python,0,0,0,NONE,80.0,PROVEN_SAFE,NONE
prog_001422,chatgpt,Python,0,0,1,CWE-22,80.0,DYNAMIC_DISCOVERY,DYNAMIC_ONLY
prog_001423,chatgpt,Python,0,0,0,NONE,80.0,PROVEN_SAFE,NONE
prog_001424,chatgpt,Python,0,0,0,NONE,80.0,PROVEN_SAFE,NONE
prog_001425,chatgpt,Python,1,0,0,NONE,80.0,STATIC_FP_RISK,STATIC_ONLY
prog_001426,chatgpt,Python,0,0,0,NONE,80.0,PROVEN_SAFE,NONE
prog_001427,chatgpt,Python,1,0,0,NONE,80.0,STATIC_FP_RISK,STATIC_ONLY
prog_001428,chatgpt,Python,1,0,0,NONE,80.0,STATIC_FP_RISK,STATIC_ONLY
prog_001429,chatgpt,Python,0,0,1,CWE-502,80.0,DYNAMIC_DISCOVERY,DYNAMIC_ONLY
prog_001430,chatgpt,Python,1,0,1,CWE-502,80.0,CONFIRMED_VULNERABLE,STATIC_DYNAMIC
prog_001431,chatgpt,Python,0,0,0,NONE,80.0,PROVEN_SAFE,NONE
prog_001432,chatgpt,Python,0,0,0,NONE,80.0,PROVEN_SAFE,NONE
prog_001433,chatgpt,Python,0,0,0,NONE,80.0,PROVEN_SAFE,NONE
prog_001434,chatgpt,Python,1,0,0,NONE,80.0,STATIC_FP_RISK,STATIC_ONLY
prog_001435,chatgpt,Python,0,0,0,NONE,80.0,PROVEN_SAFE,NONE
prog_001436,chatgpt,Python,1,0,0,NONE,80.0,STATIC_FP_RISK,STATIC_ONLY
prog_001437,chatgpt,Python,1,0,0,NONE,80.0,STATIC_FP_RISK,STATIC_ONLY
prog_001438,chatgpt,Python,0,0,0,NONE,80.0,PROVEN_SAFE,NONE
prog_001439,chatgpt,Python,0,0,0,NONE,80.0,PROVEN_SAFE,NONE
prog_001440,chatgpt,Python,0,0,1,CWE-22,80.0,DYNAMIC_DISCOVERY,DYNAMIC_ONLY
prog_001441,chatgpt,Python,1,0,0,NONE,80.0,STATIC_FP_RISK,STATIC_ONLY
prog_001442,chatgpt,Python,0,0,0,NONE,80.0,PROVEN_SAFE,NONE
prog_001443,chatgpt,Python,0,0,0,NONE,80.0,PROVEN_SAFE,NONE
prog_001444,chatgpt,Python,1,0,0,NONE,80.0,STATIC_FP_RISK,STATIC_ONLY
prog_001445,chatgpt,Python,1,0,0,NONE,80.0,STATIC_FP_RISK,STATIC_ONLY
prog_001446,chatgpt,Python,0,0,0,NONE,80.0,PROVEN_SAFE,NONE
prog_001447,chatgpt,Python,1,0,0,NONE,59.4,STATIC_FP_RISK,STATIC_ONLY
prog_001448,chatgpt,Python,1,0,0,NONE,80.0,STATIC_FP_RISK,STATIC_ONLY
prog_001449,chatgpt,Python,0,0,0,NONE,80.0,PROVEN_SAFE,NONE
prog_001450,chatgpt,Python,0,0,0,NONE,80.0,PROVEN_SAFE,NONE
prog_001451,chatgpt,Python,1,0,0,NONE,59.0,STATIC_FP_RISK,STATIC_ONLY
prog_001452,chatgpt,Python,1,0,0,NONE,80.0,STATIC_FP_RISK,STATIC_ONLY
prog_001453,chatgpt,Python,1,0,1,CWE-94,80.0,CONFIRMED_VULNERABLE,STATIC_DYNAMIC
prog_001454,chatgpt,Python,1,0,1,CWE-94,80.0,CONFIRMED_VULNERABLE,STATIC_DYNAMIC
prog_001455,chatgpt,Python,1,0,0,NONE,61.8,STATIC_FP_RISK,STATIC_ONLY
prog_001456,chatgpt,Python,0,0,0,NONE,80.0,PROVEN_SAFE,NONE
prog_001457,chatgpt,Python,0,0,0,NONE,80.0,PROVEN_SAFE,NONE
prog_001458,chatgpt,Python,0,0,0,NONE,80.0,PROVEN_SAFE,NONE
prog_001459,chatgpt,Python,0,0,1,CWE-95,80.0,DYNAMIC_DISCOVERY,DYNAMIC_ONLY
prog_001460,chatgpt,Python,1,0,0,NONE,80.0,STATIC_FP_RISK,STATIC_ONLY
prog_001461,chatgpt,Python,1,0,0,NONE,80.0,STATIC_FP_RISK,STATIC_ONLY
prog_001462,chatgpt,Python,1,0,0,NONE,80.0,STATIC_FP_RISK,STATIC_ONLY
prog_001463,chatgpt,Python,0,0,0,NONE,80.0,PROVEN_SAFE,NONE
prog_001464,chatgpt,Python,0,0,0,NONE,67.0,PROVEN_SAFE,NONE
prog_001465,chatgpt,Python,1,0,0,NONE,80.0,STATIC_FP_RISK,STATIC_ONLY
prog_001466,chatgpt,Python,1,0,0,NONE,73.0,STATIC_FP_RISK,STATIC_ONLY
prog_001467,chatgpt,Python,0,0,0,NONE,71.8,PROVEN_SAFE,NONE
prog_001468,chatgpt,Python,0,0,1,CWE-502,80.0,DYNAMIC_DISCOVERY,DYNAMIC_ONLY
prog_001469,chatgpt,Python,1,0,1,CWE-94,80.0,CONFIRMED_VULNERABLE,STATIC_DYNAMIC
prog_001470,chatgpt,Python,1,0,0,NONE,80.0,STATIC_FP_RISK,STATIC_ONLY
prog_001471,chatgpt,Python,0,0,1,CWE-94,80.0,DYNAMIC_DISCOVERY,DYNAMIC_ONLY
prog_001472,chatgpt,Python,0,0,0,NONE,67.4,PROVEN_SAFE,NONE
prog_001473,chatgpt,Python,0,0,0,NONE,80.0,PROVEN_SAFE,NONE
prog_001474,chatgpt,Python,0,0,1,CWE-502,80.0,DYNAMIC_DISCOVERY,DYNAMIC_ONLY
prog_001475,chatgpt,Python,1,0,1,CWE-22,80.0,CONFIRMED_VULNERABLE,STATIC_DYNAMIC
prog_001476,chatgpt,Python,0,0,0,NONE,80.0,PROVEN_SAFE,NONE
prog_001477,chatgpt,Python,0,0,0,NONE,80.0,PROVEN_SAFE,NONE
prog_001478,chatgpt,Python,0,0,0,NONE,76.2,PROVEN_SAFE,NONE
prog_001479,chatgpt,Python,1,0,0,NONE,80.0,STATIC_FP_RISK,STATIC_ONLY
prog_001480,chatgpt,Python,0,0,0,NONE,80.0,PROVEN_SAFE,NONE
prog_001481,chatgpt,Python,1,0,0,NONE,76.6,STATIC_FP_RISK,STATIC_ONLY
prog_001482,chatgpt,Python,1,0,0,NONE,80.0,STATIC_FP_RISK,STATIC_ONLY
prog_001483,chatgpt,Python,0,0,0,NONE,80.0,PROVEN_SAFE,NONE
prog_001484,chatgpt,Python,0,0,0,NONE,71.0,PROVEN_SAFE,NONE
prog_001485,chatgpt,Python,1,0,0,NONE,80.0,STATIC_FP_RISK,STATIC_ONLY
prog_001486,chatgpt,Python,1,0,1,CWE-502,80.0,CONFIRMED_VULNERABLE,STATIC_DYNAMIC
prog_001487,chatgpt,Python,0,0,0,NONE,80.0,PROVEN_SAFE,NONE
prog_001488,chatgpt,Python,1,0,0,NONE,80.0,STATIC_FP_RISK,STATIC_ONLY
prog_001489,chatgpt,Python,1,0,0,NONE,77.4,STATIC_FP_RISK,STATIC_ONLY
prog_001490,chatgpt,Python,1,0,0,NONE,80.0,STATIC_FP_RISK,STATIC_ONLY
prog_001491,chatgpt,Python,0,0,0,NONE,80.0,PROVEN_SAFE,NONE
prog_001492,chatgpt,Python,0,0,0,NONE,80.0,PROVEN_SAFE,NONE
prog_001493,chatgpt,Python,1,0,1,CWE-22,80.0,CONFIRMED_VULNERABLE,STATIC_DYNAMIC
prog_001494,chatgpt,Python,0,0,0,NONE,80.0,PROVEN_SAFE,NONE
prog_001495,chatgpt,Python,1,0,0,NONE,80.0,STATIC_FP_RISK,STATIC_ONLY
prog_001496,chatgpt,Python,0,0,0,NONE,80.0,PROVEN_SAFE,NONE
prog_001497,chatgpt,Python,0,0,0,NONE,63.8,PROVEN_SAFE,NONE
prog_001498,chatgpt,Python,0,0,0,NONE,80.0,PROVEN_SAFE,NONE
prog_001499,chatgpt,Python,0,0,0,NONE,80.0,PROVEN_SAFE,NONE
prog_001500,chatgpt,Python,1,0,0,NONE,80.0,STATIC_FP_RISK,STATIC_ONLY
prog_001501,chatgpt,Python,1,0,0,NONE,80.0,STATIC_FP_RISK,STATIC_ONLY
prog_001502,chatgpt,Python,0,0,0,NONE,80.0,PROVEN_SAFE,NONE
prog_001503,chatgpt,Python,1,0,1,CWE-502,80.0,CONFIRMED_VULNERABLE,STATIC_DYNAMIC
prog_001504,chatgpt,Python,0,0,0,NONE,80.0,PROVEN_SAFE,NONE
prog_001505,chatgpt,Python,0,0,0,NONE,80.0,PROVEN_SAFE,NONE
prog_001506,chatgpt,Python,1,0,0,NONE,80.0,STATIC_FP_RISK,STATIC_ONLY
prog_001507,chatgpt,Python,0,0,0,NONE,80.0,PROVEN_SAFE,NONE
prog_001508,chatgpt,Python,1,0,0,NONE,71.4,STATIC_FP_RISK,STATIC_ONLY
prog_001509,chatgpt,Python,1,0,1,CWE-94,80.0,CONFIRMED_VULNERABLE,STATIC_DYNAMIC
prog_001510,chatgpt,Python,0,0,1,CWE-22,80.0,DYNAMIC_DISCOVERY,DYNAMIC_ONLY
prog_001511,chatgpt,Python,0,0,0,NONE,80.0,PROVEN_SAFE,NONE
prog_001512,chatgpt,Python,1,0,0,NONE,80.0,STATIC_FP_RISK,STATIC_ONLY
prog_001513,chatgpt,Python,0,0,1,CWE-502,80.0,DYNAMIC_DISCOVERY,DYNAMIC_ONLY
prog_001514,chatgpt,Python,1,0,0,NONE,80.0,STATIC_FP_RISK,STATIC_ONLY
prog_001515,chatgpt,Python,1,0,0,NONE,80.0,STATIC_FP_RISK,STATIC_ONLY
prog_001516,chatgpt,Python,0,0,0,NONE,73.0,PROVEN_SAFE,NONE
prog_001517,chatgpt,Python,0,0,0,NONE,80.0,PROVEN_SAFE,NONE
prog_001518,chatgpt,Python,1,0,0,NONE,80.0,STATIC_FP_RISK,STATIC_ONLY
prog_001519,chatgpt,Python,0,0,0,NONE,80.0,PROVEN_SAFE,NONE
prog_001520,chatgpt,Python,1,0,0,NONE,80.0,STATIC_FP_RISK,STATIC_ONLY
prog_001521,chatgpt,Python,1,0,1,CWE-94,80.0,CONFIRMED_VULNERABLE,STATIC_DYNAMIC
prog_001522,chatgpt,Python,1,0,0,NONE,80.0,STATIC_FP_RISK,STATIC_ONLY
prog_001523,chatgpt,Python,1,0,1,CWE-502,80.0,CONFIRMED_VULNERABLE,STATIC_DYNAMIC
prog_001524,chatgpt,Python,1,0,0,NONE,80.0,STATIC_FP_RISK,STATIC_ONLY
prog_001525,chatgpt,Python,0,0,1,CWE-22,80.0,DYNAMIC_DISCOVERY,DYNAMIC_ONLY
prog_001526,chatgpt,Python,0,0,0,NONE,67.4,PROVEN_SAFE,NONE
prog_001527,chatgpt,Python,1,0,0,NONE,80.0,STATIC_FP_RISK,STATIC_ONLY
prog_001528,chatgpt,Python,1,0,0,NONE,80.0,STATIC_FP_RISK,STATIC_ONLY
prog_001529,chatgpt,Python,0,0,1,CWE-502,66.2,DYNAMIC_DISCOVERY,DYNAMIC_ONLY
prog_001530,chatgpt,Python,1,0,0,NONE,69.4,STATIC_FP_RISK,STATIC_ONLY
prog_001531,chatgpt,Python,0,0,0,NONE,80.0,PROVEN_SAFE,NONE
prog_001532,chatgpt,Python,1,0,0,NONE,66.2,STATIC_FP_RISK,STATIC_ONLY
prog_001533,chatgpt,Python,1,0,0,NONE,65.8,STATIC_FP_RISK,STATIC_ONLY
prog_001534,chatgpt,Python,0,0,0,NONE,80.0,PROVEN_SAFE,NONE
prog_001535,chatgpt,Python,0,0,0,NONE,57.8,PROVEN_SAFE,NONE
prog_001536,chatgpt,Python,0,0,1,CWE-22,79.4,DYNAMIC_DISCOVERY,DYNAMIC_ONLY
prog_001537,chatgpt,Python,0,0,0,NONE,69.0,PROVEN_SAFE,NONE
prog_001538,chatgpt,Python,0,0,0,NONE,61.0,PROVEN_SAFE,NONE
prog_001539,chatgpt,Python,1,0,0,NONE,80.0,STATIC_FP_RISK,STATIC_ONLY
prog_001540,chatgpt,Python,0,0,0,NONE,80.0,PROVEN_SAFE,NONE
prog_001541,chatgpt,Python,0,0,0,NONE,67.4,PROVEN_SAFE,NONE
prog_001542,chatgpt,Python,1,0,1,CWE-502,80.0,CONFIRMED_VULNERABLE,STATIC_DYNAMIC
prog_001543,chatgpt,Python,0,0,0,NONE,61.4,PROVEN_SAFE,NONE
prog_001544,chatgpt,Python,1,0,0,NONE,80.0,STATIC_FP_RISK,STATIC_ONLY
prog_001545,chatgpt,Python,0,0,0,NONE,80.0,PROVEN_SAFE,NONE
prog_001546,chatgpt,Python,1,0,0,NONE,80.0,STATIC_FP_RISK,STATIC_ONLY
prog_001547,chatgpt,Python,0,0,0,NONE,70.2,PROVEN_SAFE,NONE
prog_001548,chatgpt,Python,1,0,0,NONE,80.0,STATIC_FP_RISK,STATIC_ONLY
prog_001549,chatgpt,Python,0,0,0,NONE,63.0,PROVEN_SAFE,NONE
prog_001550,chatgpt,Python,1,0,0,NONE,80.0,STATIC_FP_RISK,STATIC_ONLY
prog_001551,chatgpt,Python,0,0,0,NONE,80.0,PROVEN_SAFE,NONE
prog_001552,chatgpt,Python,1,0,0,NONE,80.0,STATIC_FP_RISK,STATIC_ONLY
prog_001553,chatgpt,Python,1,0,0,NONE,80.0,STATIC_FP_RISK,STATIC_ONLY
prog_001554,chatgpt,Python,1,0,0,NONE,80.0,STATIC_FP_RISK,STATIC_ONLY
prog_001555,chatgpt,Python,1,0,1,CWE-78,80.0,CONFIRMED_VULNERABLE,STATIC_DYNAMIC
prog_001556,chatgpt,Python,0,0,0,NONE,71.8,PROVEN_SAFE,NONE
prog_001557,chatgpt,Python,0,0,0,NONE,80.0,PROVEN_SAFE,NONE
prog_001558,chatgpt,Python,0,0,0,NONE,80.0,PROVEN_SAFE,NONE
prog_001559,chatgpt,Python,0,0,1,CWE-94,80.0,DYNAMIC_DISCOVERY,DYNAMIC_ONLY
prog_001560,chatgpt,Python,1,0,0,NONE,80.0,STATIC_FP_RISK,STATIC_ONLY
prog_001561,chatgpt,Python,1,0,0,NONE,62.2,STATIC_FP_RISK,STATIC_ONLY
prog_001562,chatgpt,Python,0,0,0,NONE,80.0,PROVEN_SAFE,NONE
prog_001563,chatgpt,Python,0,0,0,NONE,80.0,PROVEN_SAFE,NONE
prog_001564,chatgpt,Python,1,0,0,NONE,80.0,STATIC_FP_RISK,STATIC_ONLY
prog_001565,chatgpt,Python,0,0,0,NONE,80.0,PROVEN_SAFE,NONE
prog_001566,chatgpt,Python,1,0,0,NONE,80.0,STATIC_FP_RISK,STATIC_ONLY
prog_001567,chatgpt,Python,1,0,0,NONE,79.4,STATIC_FP_RISK,STATIC_ONLY
prog_001568,chatgpt,Python,1,0,1,CWE-78,80.0,CONFIRMED_VULNERABLE,STATIC_DYNAMIC
prog_001569,chatgpt,Python,0,0,1,CWE-94,80.0,DYNAMIC_DISCOVERY,DYNAMIC_ONLY
prog_001570,chatgpt,Python,0,0,0,NONE,80.0,PROVEN_SAFE,NONE
prog_001571,chatgpt,Python,1,0,1,CWE-89,80.0,CONFIRMED_VULNERABLE,STATIC_DYNAMIC
prog_001572,chatgpt,Python,0,0,0,NONE,67.8,PROVEN_SAFE,NONE
prog_001573,chatgpt,Python,0,0,0,NONE,80.0,PROVEN_SAFE,NONE
prog_001574,chatgpt,Python,0,0,1,CWE-78,80.0,DYNAMIC_DISCOVERY,DYNAMIC_ONLY
prog_001575,chatgpt,Python,0,0,0,NONE,80.0,PROVEN_SAFE,NONE
prog_001576,chatgpt,Python,1,0,0,NONE,80.0,STATIC_FP_RISK,STATIC_ONLY
prog_001577,chatgpt,Python,0,0,1,CWE-502,80.0,DYNAMIC_DISCOVERY,DYNAMIC_ONLY
prog_001578,chatgpt,Python,0,0,0,NONE,80.0,PROVEN_SAFE,NONE
prog_001579,chatgpt,Python,0,0,1,CWE-502,80.0,DYNAMIC_DISCOVERY,DYNAMIC_ONLY
prog_001580,chatgpt,Python,0,0,0,NONE,80.0,PROVEN_SAFE,NONE
prog_001581,chatgpt,Python,1,0,0,NONE,80.0,STATIC_FP_RISK,STATIC_ONLY
prog_001582,chatgpt,Python,1,0,0,NONE,80.0,STATIC_FP_RISK,STATIC_ONLY
prog_001583,chatgpt,Python,1,0,0,NONE,80.0,STATIC_FP_RISK,STATIC_ONLY
prog_001584,chatgpt,Python,0,0,1,CWE-78,80.0,DYNAMIC_DISCOVERY,DYNAMIC_ONLY
prog_001585,chatgpt,Python,1,0,0,NONE,80.0,STATIC_FP_RISK,STATIC_ONLY
prog_001586,chatgpt,Python,0,0,1,CWE-94,80.0,DYNAMIC_DISCOVERY,DYNAMIC_ONLY
prog_001587,chatgpt,Python,0,0,0,NONE,80.0,PROVEN_SAFE,NONE
prog_001588,chatgpt,Python,1,0,0,NONE,80.0,STATIC_FP_RISK,STATIC_ONLY
prog_001589,chatgpt,Python,0,0,1,CWE-22,80.0,DYNAMIC_DISCOVERY,DYNAMIC_ONLY
prog_001590,chatgpt,Python,0,0,0,NONE,80.0,PROVEN_SAFE,NONE
prog_001591,chatgpt,Python,1,0,0,NONE,80.0,STATIC_FP_RISK,STATIC_ONLY
prog_001592,chatgpt,Python,0,0,0,NONE,80.0,PROVEN_SAFE,NONE
prog_001593,chatgpt,Python,0,0,1,CWE-89,80.0,DYNAMIC_DISCOVERY,DYNAMIC_ONLY
prog_001594,chatgpt,Python,0,0,0,NONE,80.0,PROVEN_SAFE,NONE
prog_001595,chatgpt,Python,0,0,0,NONE,80.0,PROVEN_SAFE,NONE
prog_001596,chatgpt,Python,0,0,0,NONE,80.0,PROVEN_SAFE,NONE
prog_001597,chatgpt,Python,0,0,0,NONE,80.0,PROVEN_SAFE,NONE
prog_001598,chatgpt,Python,1,0,0,NONE,65.4,STATIC_FP_RISK,STATIC_ONLY
prog_001599,chatgpt,Python,1,0,0,NONE,80.0,STATIC_FP_RISK,STATIC_ONLY
prog_001600,chatgpt,Python,0,0,0,NONE,80.0,PROVEN_SAFE,NONE
prog_001601,chatgpt,Python,0,0,1,CWE-94,80.0,DYNAMIC_DISCOVERY,DYNAMIC_ONLY
prog_001602,chatgpt,Python,0,0,0,NONE,80.0,PROVEN_SAFE,NONE
prog_001603,chatgpt,Python,1,0,1,CWE-94,80.0,CONFIRMED_VULNERABLE,STATIC_DYNAMIC
prog_001604,chatgpt,Python,0,0,0,NONE,80.0,PROVEN_SAFE,NONE
prog_001605,chatgpt,Python,0,0,0,NONE,80.0,PROVEN_SAFE,NONE
prog_001606,chatgpt,Python,0,0,0,NONE,64.6,PROVEN_SAFE,NONE
prog_001607,chatgpt,Python,1,0,0,NONE,67.4,STATIC_FP_RISK,STATIC_ONLY
prog_001608,chatgpt,Python,0,0,0,NONE,80.0,PROVEN_SAFE,NONE
prog_001609,chatgpt,Python,0,0,1,CWE-78,80.0,DYNAMIC_DISCOVERY,DYNAMIC_ONLY
prog_001610,chatgpt,Python,0,0,0,NONE,80.0,PROVEN_SAFE,NONE
prog_001611,chatgpt,Python,0,0,0,NONE,80.0,PROVEN_SAFE,NONE
prog_001612,chatgpt,Python,0,0,0,NONE,80.0,PROVEN_SAFE,NONE
prog_001613,chatgpt,Python,0,0,0,NONE,80.0,PROVEN_SAFE,NONE
prog_001614,chatgpt,Python,0,0,0,NONE,79.0,PROVEN_SAFE,NONE
prog_001615,chatgpt,Python,1,0,0,NONE,80.0,STATIC_FP_RISK,STATIC_ONLY
prog_001616,chatgpt,Python,0,0,0,NONE,80.0,PROVEN_SAFE,NONE
prog_001617,chatgpt,Python,0,0,0,NONE,80.0,PROVEN_SAFE,NONE
prog_001618,chatgpt,Python,0,0,0,NONE,80.0,PROVEN_SAFE,NONE
prog_001619,chatgpt,Python,1,0,0,NONE,80.0,STATIC_FP_RISK,STATIC_ONLY
prog_001620,chatgpt,Python,1,0,0,NONE,80.0,STATIC_FP_RISK,STATIC_ONLY
prog_001621,chatgpt,Python,0,0,1,CWE-94,80.0,DYNAMIC_DISCOVERY,DYNAMIC_ONLY
prog_001622,chatgpt,Python,1,0,0,NONE,80.0,STATIC_FP_RISK,STATIC_ONLY
prog_001623,chatgpt,Python,1,0,0,NONE,80.0,STATIC_FP_RISK,STATIC_ONLY
prog_001624,chatgpt,Python,1,0,0,NONE,80.0,STATIC_FP_RISK,STATIC_ONLY
prog_001625,chatgpt,Python,0,0,0,NONE,80.0,PROVEN_SAFE,NONE
prog_001626,chatgpt,Python,1,0,0,NONE,64.6,STATIC_FP_RISK,STATIC_ONLY
prog_001627,chatgpt,Python,0,0,0,NONE,80.0,PROVEN_SAFE,NONE
prog_001628,chatgpt,Python,0,0,0,NONE,80.0,PROVEN_SAFE,NONE
prog_001629,chatgpt,Python,0,0,0,NONE,80.0,PROVEN_SAFE,NONE
prog_001630,chatgpt,Python,0,0,1,CWE-94,80.0,DYNAMIC_DISCOVERY,DYNAMIC_ONLY
prog_001631,chatgpt,Python,1,0,0,NONE,67.0,STATIC_FP_RISK,STATIC_ONLY
prog_001632,chatgpt,Python,1,0,0,NONE,63.4,STATIC_FP_RISK,STATIC_ONLY
prog_001633,chatgpt,Python,0,0,0,NONE,80.0,PROVEN_SAFE,NONE
prog_001634,chatgpt,Python,1,0,0,NONE,73.0,STATIC_FP_RISK,STATIC_ONLY
prog_001635,chatgpt,Python,1,0,0,NONE,80.0,STATIC_FP_RISK,STATIC_ONLY
prog_001636,chatgpt,Python,0,0,1,CWE-94,80.0,DYNAMIC_DISCOVERY,DYNAMIC_ONLY
prog_001637,chatgpt,Python,0,0,0,NONE,71.4,PROVEN_SAFE,NONE
prog_001638,chatgpt,Python,1,0,0,NONE,80.0,STATIC_FP_RISK,STATIC_ONLY
prog_001639,chatgpt,Python,0,0,1,CWE-22,74.6,DYNAMIC_DISCOVERY,DYNAMIC_ONLY
prog_001640,chatgpt,Python,0,0,0,NONE,80.0,PROVEN_SAFE,NONE
prog_001641,chatgpt,Python,1,0,0,NONE,80.0,STATIC_FP_RISK,STATIC_ONLY
prog_001642,chatgpt,Python,1,0,0,NONE,80.0,STATIC_FP_RISK,STATIC_ONLY
prog_001643,chatgpt,Python,0,0,0,NONE,80.0,PROVEN_SAFE,NONE
prog_001644,chatgpt,Python,1,0,0,NONE,80.0,STATIC_FP_RISK,STATIC_ONLY
prog_001645,chatgpt,Python,0,0,0,NONE,80.0,PROVEN_SAFE,NONE
prog_001646,chatgpt,Python,1,0,0,NONE,80.0,STATIC_FP_RISK,STATIC_ONLY
prog_001647,chatgpt,Python,0,0,0,NONE,80.0,PROVEN_SAFE,NONE
prog_001648,chatgpt,Python,0,0,0,NONE,69.0,PROVEN_SAFE,NONE
prog_001649,chatgpt,Python,1,0,0,NONE,80.0,STATIC_FP_RISK,STATIC_ONLY
prog_001650,chatgpt,Python,1,0,1,CWE-94,80.0,CONFIRMED_VULNERABLE,STATIC_DYNAMIC
prog_001651,chatgpt,Python,1,0,1,CWE-94,80.0,CONFIRMED_VULNERABLE,STATIC_DYNAMIC
prog_001652,chatgpt,Python,1,0,0,NONE,80.0,STATIC_FP_RISK,STATIC_ONLY
prog_001653,chatgpt,Python,1,0,0,NONE,80.0,STATIC_FP_RISK,STATIC_ONLY
prog_001654,chatgpt,Python,0,0,1,CWE-22,80.0,DYNAMIC_DISCOVERY,DYNAMIC_ONLY
prog_001655,chatgpt,Python,0,0,0,NONE,80.0,PROVEN_SAFE,NONE
prog_001656,chatgpt,Python,0,0,0,NONE,80.0,PROVEN_SAFE,NONE
prog_001657,chatgpt,Python,0,0,0,NONE,80.0,PROVEN_SAFE,NONE
prog_001658,chatgpt,Python,0,0,0,NONE,80.0,PROVEN_SAFE,NONE
prog_001659,chatgpt,Python,1,0,0,NONE,74.6,STATIC_FP_RISK,STATIC_ONLY
prog_001660,chatgpt,Python,1,0,0,NONE,80.0,STATIC_FP_RISK,STATIC_ONLY
prog_001661,chatgpt,Python,0,0,1,CWE-94,80.0,DYNAMIC_DISCOVERY,DYNAMIC_ONLY
prog_001662,chatgpt,Python,0,0,0,NONE,80.0,PROVEN_SAFE,NONE
prog_001663,chatgpt,Python,1,0,0,NONE,80.0,STATIC_FP_RISK,STATIC_ONLY
prog_001664,chatgpt,Python,1,0,1,CWE-89,80.0,CONFIRMED_VULNERABLE,STATIC_DYNAMIC
prog_001665,chatgpt,Python,0,0,0,NONE,80.0,PROVEN_SAFE,NONE
prog_001666,chatgpt,Python,1,0,1,CWE-22,80.0,CONFIRMED_VULNERABLE,STATIC_DYNAMIC
prog_001667,chatgpt,Python,1,0,0,NONE,80.0,STATIC_FP_RISK,STATIC_ONLY
prog_001668,chatgpt,Python,1,0,0,NONE,80.0,STATIC_FP_RISK,STATIC_ONLY
prog_001669,chatgpt,Python,0,0,1,CWE-502,80.0,DYNAMIC_DISCOVERY,DYNAMIC_ONLY
prog_001670,chatgpt,Python,1,0,0,NONE,80.0,STATIC_FP_RISK,STATIC_ONLY
prog_001671,chatgpt,Python,0,0,1,CWE-502,80.0,DYNAMIC_DISCOVERY,DYNAMIC_ONLY
prog_001672,chatgpt,Python,1,0,0,NONE,80.0,STATIC_FP_RISK,STATIC_ONLY
prog_001673,chatgpt,Python,0,0,0,NONE,80.0,PROVEN_SAFE,NONE
prog_001674,chatgpt,Python,0,0,0,NONE,80.0,PROVEN_SAFE,NONE
prog_001675,chatgpt,Python,1,0,0,NONE,80.0,STATIC_FP_RISK,STATIC_ONLY
prog_001676,chatgpt,Python,1,0,1,CWE-22,80.0,CONFIRMED_VULNERABLE,STATIC_DYNAMIC
prog_001677,chatgpt,Python,1,0,0,NONE,80.0,STATIC_FP_RISK,STATIC_ONLY
prog_001678,chatgpt,Python,1,0,0,NONE,80.0,STATIC_FP_RISK,STATIC_ONLY
prog_001679,chatgpt,Python,0,0,0,NONE,80.0,PROVEN_SAFE,NONE
prog_001680,chatgpt,Python,1,0,0,NONE,80.0,STATIC_FP_RISK,STATIC_ONLY
prog_001681,chatgpt,Python,1,0,0,NONE,80.0,STATIC_FP_RISK,STATIC_ONLY
prog_001682,chatgpt,Python,1,0,0,NONE,80.0,STATIC_FP_RISK,STATIC_ONLY
prog_001683,chatgpt,Python,0,0,0,NONE,80.0,PROVEN_SAFE,NONE
prog_001684,chatgpt,Python,0,0,0,NONE,80.0,PROVEN_SAFE,NONE
prog_001685,chatgpt,Python,1,0,0,NONE,80.0,STATIC_FP_RISK,STATIC_ONLY
prog_001686,chatgpt,Python,0,0,0,NONE,80.0,PROVEN_SAFE,NONE
prog_001687,chatgpt,Python,1,0,0,NONE,80.0,STATIC_FP_RISK,STATIC_ONLY
prog_001688,chatgpt,Python,1,0,0,NONE,80.0,STATIC_FP_RISK,STATIC_ONLY
prog_001689,chatgpt,Python,1,0,0,NONE,80.0,STATIC_FP_RISK,STATIC_ONLY
prog_001690,chatgpt,Python,0,0,0,NONE,80.0,PROVEN_SAFE,NONE
prog_001691,chatgpt,Python,0,0,0,NONE,80.0,PROVEN_SAFE,NONE
prog_001692,chatgpt,Python,0,0,0,NONE,80.0,PROVEN_SAFE,NONE
prog_001693,chatgpt,Python,1,0,0,NONE,80.0,STATIC_FP_RISK,STATIC_ONLY
prog_001694,chatgpt,Python,1,0,0,NONE,80.0,STATIC_FP_RISK,STATIC_ONLY
prog_001695,chatgpt,Python,0,0,0,NONE,80.0,PROVEN_SAFE,NONE
prog_001696,chatgpt,Python,1,0,0,NONE,80.0,STATIC_FP_RISK,STATIC_ONLY
prog_001697,chatgpt,Python,0,0,0,NONE,80.0,PROVEN_SAFE,NONE
prog_001698,chatgpt,Python,0,0,0,NONE,80.0,PROVEN_SAFE,NONE
prog_001699,chatgpt,Python,1,0,0,NONE,64.2,STATIC_FP_RISK,STATIC_ONLY
prog_001700,chatgpt,Python,1,0,0,NONE,80.0,STATIC_FP_RISK,STATIC_ONLY
prog_001701,chatgpt,Python,0,0,1,CWE-89,80.0,DYNAMIC_DISCOVERY,DYNAMIC_ONLY
prog_001702,chatgpt,Python,0,0,1,CWE-22,80.0,DYNAMIC_DISCOVERY,DYNAMIC_ONLY
prog_001703,chatgpt,Python,0,0,0,NONE,80.0,PROVEN_SAFE,NONE
prog_001704,chatgpt,Python,1,0,0,NONE,80.0,STATIC_FP_RISK,STATIC_ONLY
prog_001705,chatgpt,Python,0,0,0,NONE,80.0,PROVEN_SAFE,NONE
prog_001706,chatgpt,Python,0,0,0,NONE,80.0,PROVEN_SAFE,NONE
prog_001707,copilot,JavaScript,1,0,1,CWE-94,50.0,CONFIRMED_VULNERABLE,STATIC_DYNAMIC
prog_001708,copilot,JavaScript,0,0,0,NONE,50.0,PROVEN_SAFE,NONE
prog_001709,copilot,JavaScript,1,0,0,NONE,50.0,STATIC_FP_RISK,STATIC_ONLY
prog_001710,copilot,JavaScript,0,0,0,NONE,50.0,PROVEN_SAFE,NONE
prog_001711,copilot,JavaScript,1,0,0,NONE,50.0,STATIC_FP_RISK,STATIC_ONLY
prog_001712,copilot,JavaScript,1,0,0,NONE,50.0,STATIC_FP_RISK,STATIC_ONLY
prog_001713,copilot,JavaScript,1,0,0,NONE,50.0,STATIC_FP_RISK,STATIC_ONLY
prog_001714,copilot,JavaScript,0,0,0,NONE,50.0,PROVEN_SAFE,NONE
prog_001715,copilot,JavaScript,1,0,1,CWE-95,50.0,CONFIRMED_VULNERABLE,STATIC_DYNAMIC
prog_001716,copilot,JavaScript,0,0,0,NONE,50.0,PROVEN_SAFE,NONE
prog_001717,copilot,JavaScript,1,0,0,NONE,50.0,STATIC_FP_RISK,STATIC_ONLY
prog_001718,copilot,JavaScript,0,0,0,NONE,50.0,PROVEN_SAFE,NONE
prog_001719,copilot,JavaScript,1,0,1,CWE-95,50.0,CONFIRMED_VULNERABLE,STATIC_DYNAMIC
prog_001720,copilot,JavaScript,1,0,1,CWE-95,50.0,CONFIRMED_VULNERABLE,STATIC_DYNAMIC
prog_001721,copilot,JavaScript,0,0,0,NONE,50.0,PROVEN_SAFE,NONE
prog_001722,copilot,JavaScript,0,0,0,NONE,50.0,PROVEN_SAFE,NONE
prog_001723,copilot,JavaScript,1,0,0,NONE,50.0,STATIC_FP_RISK,STATIC_ONLY
prog_001724,copilot,JavaScript,0,0,1,CWE-94,50.0,DYNAMIC_DISCOVERY,DYNAMIC_ONLY
prog_001725,copilot,JavaScript,1,0,0,NONE,50.0,STATIC_FP_RISK,STATIC_ONLY
prog_001726,copilot,JavaScript,0,0,0,NONE,50.0,PROVEN_SAFE,NONE
prog_001727,copilot,JavaScript,0,0,0,NONE,50.0,PROVEN_SAFE,NONE
prog_001728,copilot,JavaScript,0,0,0,NONE,50.0,PROVEN_SAFE,NONE
prog_001729,copilot,JavaScript,0,0,0,NONE,50.0,PROVEN_SAFE,NONE
prog_001730,copilot,JavaScript,1,0,1,CWE-95,50.0,CONFIRMED_VULNERABLE,STATIC_DYNAMIC
prog_001731,copilot,JavaScript,1,0,0,NONE,50.0,STATIC_FP_RISK,STATIC_ONLY
prog_001732,copilot,JavaScript,1,0,0,NONE,50.0,STATIC_FP_RISK,STATIC_ONLY
prog_001733,copilot,JavaScript,1,0,0,NONE,50.0,STATIC_FP_RISK,STATIC_ONLY
prog_001734,copilot,JavaScript,0,0,0,NONE,50.0,PROVEN_SAFE,NONE
prog_001735,copilot,JavaScript,0,0,0,NONE,50.0,PROVEN_SAFE,NONE
prog_001736,copilot,JavaScript,1,0,0,NONE,50.0,STATIC_FP_RISK,STATIC_ONLY
prog_001737,copilot,JavaScript,1,0,0,NONE,50.0,STATIC_FP_RISK,STATIC_ONLY
prog_001738,copilot,JavaScript,1,0,0,NONE,50.0,STATIC_FP_RISK,STATIC_ONLY
prog_001739,copilot,JavaScript,1,0,1,CWE-94,50.0,CONFIRMED_VULNERABLE,STATIC_DYNAMIC
prog_001740,copilot,JavaScript,0,0,0,NONE,50.0,PROVEN_SAFE,NONE
prog_001741,copilot,JavaScript,0,0,0,NONE,50.0,PROVEN_SAFE,NONE
prog_001742,copilot,JavaScript,1,0,0,NONE,50.0,STATIC_FP_RISK,STATIC_ONLY
prog_001743,copilot,JavaScript,0,0,0,NONE,50.0,PROVEN_SAFE,NONE
prog_001744,copilot,JavaScript,0,0,0,NONE,50.0,PROVEN_SAFE,NONE
prog_001745,copilot,JavaScript,1,0,0,NONE,50.0,STATIC_FP_RISK,STATIC_ONLY
prog_001746,copilot,JavaScript,1,0,0,NONE,50.0,STATIC_FP_RISK,STATIC_ONLY
prog_001747,copilot,JavaScript,0,0,0,NONE,50.0,PROVEN_SAFE,NONE
prog_001748,copilot,JavaScript,0,0,0,NONE,50.0,PROVEN_SAFE,NONE
prog_001749,copilot,JavaScript,0,0,0,NONE,50.0,PROVEN_SAFE,NONE
prog_001750,copilot,JavaScript,1,0,0,NONE,50.0,STATIC_FP_RISK,STATIC_ONLY
prog_001751,copilot,JavaScript,0,0,0,NONE,50.0,PROVEN_SAFE,NONE
prog_001752,copilot,JavaScript,0,0,0,NONE,50.0,PROVEN_SAFE,NONE
prog_001753,copilot,JavaScript,1,0,0,NONE,50.0,STATIC_FP_RISK,STATIC_ONLY
prog_001754,copilot,JavaScript,1,0,0,NONE,50.0,STATIC_FP_RISK,STATIC_ONLY
prog_001755,copilot,JavaScript,1,0,0,NONE,50.0,STATIC_FP_RISK,STATIC_ONLY
prog_001756,copilot,JavaScript,0,0,0,NONE,50.0,PROVEN_SAFE,NONE
prog_001757,copilot,JavaScript,0,0,0,NONE,50.0,PROVEN_SAFE,NONE
prog_001758,copilot,JavaScript,0,0,0,NONE,50.0,PROVEN_SAFE,NONE
prog_001759,copilot,JavaScript,1,0,0,NONE,50.0,STATIC_FP_RISK,STATIC_ONLY
prog_001760,copilot,JavaScript,0,0,0,NONE,50.0,PROVEN_SAFE,NONE
prog_001761,copilot,JavaScript,1,0,0,NONE,50.0,STATIC_FP_RISK,STATIC_ONLY
prog_001762,copilot,JavaScript,1,0,0,NONE,50.0,STATIC_FP_RISK,STATIC_ONLY
prog_001763,copilot,JavaScript,0,0,0,NONE,50.0,PROVEN_SAFE,NONE
prog_001764,copilot,JavaScript,1,0,0,NONE,50.0,STATIC_FP_RISK,STATIC_ONLY
prog_001765,copilot,JavaScript,1,0,0,NONE,50.0,STATIC_FP_RISK,STATIC_ONLY
prog_001766,copilot,JavaScript,1,0,0,NONE,50.0,STATIC_FP_RISK,STATIC_ONLY
prog_001767,copilot,JavaScript,1,0,1,CWE-94,50.0,CONFIRMED_VULNERABLE,STATIC_DYNAMIC
prog_001768,copilot,JavaScript,1,0,0,NONE,50.0,STATIC_FP_RISK,STATIC_ONLY
prog_001769,copilot,JavaScript,1,0,0,NONE,50.0,STATIC_FP_RISK,STATIC_ONLY
prog_001770,copilot,JavaScript,1,0,0,NONE,50.0,STATIC_FP_RISK,STATIC_ONLY
prog_001771,copilot,JavaScript,0,0,0,NONE,50.0,PROVEN_SAFE,NONE
prog_001772,copilot,JavaScript,0,0,0,NONE,50.0,PROVEN_SAFE,NONE
prog_001773,copilot,JavaScript,1,0,0,NONE,50.0,STATIC_FP_RISK,STATIC_ONLY
prog_001774,copilot,JavaScript,1,0,0,NONE,50.0,STATIC_FP_RISK,STATIC_ONLY
prog_001775,copilot,JavaScript,0,0,0,NONE,50.0,PROVEN_SAFE,NONE
prog_001776,copilot,JavaScript,0,0,1,CWE-94,50.0,DYNAMIC_DISCOVERY,DYNAMIC_ONLY
prog_001777,copilot,JavaScript,1,0,0,NONE,50.0,STATIC_FP_RISK,STATIC_ONLY
prog_001778,copilot,JavaScript,0,0,0,NONE,50.0,PROVEN_SAFE,NONE
prog_001779,copilot,JavaScript,0,0,0,NONE,50.0,PROVEN_SAFE,NONE
prog_001780,copilot,JavaScript,1,0,0,NONE,50.0,STATIC_FP_RISK,STATIC_ONLY
prog_001781,copilot,JavaScript,1,0,0,NONE,50.0,STATIC_FP_RISK,STATIC_ONLY
prog_001782,copilot,JavaScript,1,0,0,NONE,50.0,STATIC_FP_RISK,STATIC_ONLY
prog_001783,copilot,JavaScript,1,0,0,NONE,50.0,STATIC_FP_RISK,STATIC_ONLY
prog_001784,copilot,JavaScript,1,0,0,NONE,50.0,STATIC_FP_RISK,STATIC_ONLY
prog_001785,copilot,JavaScript,1,0,0,NONE,50.0,STATIC_FP_RISK,STATIC_ONLY
prog_001786,copilot,JavaScript,0,0,0,NONE,50.0,PROVEN_SAFE,NONE
prog_001787,copilot,JavaScript,0,0,0,NONE,50.0,PROVEN_SAFE,NONE
prog_001788,copilot,JavaScript,1,0,0,NONE,50.0,STATIC_FP_RISK,STATIC_ONLY
prog_001789,copilot,JavaScript,1,0,0,NONE,50.0,STATIC_FP_RISK,STATIC_ONLY
prog_001790,copilot,JavaScript,1,0,0,NONE,50.0,STATIC_FP_RISK,STATIC_ONLY
prog_001791,copilot,JavaScript,0,0,0,NONE,50.0,PROVEN_SAFE,NONE
prog_001792,copilot,JavaScript,1,0,0,NONE,50.0,STATIC_FP_RISK,STATIC_ONLY
prog_001793,copilot,JavaScript,1,0,0,NONE,50.0,STATIC_FP_RISK,STATIC_ONLY
prog_001794,copilot,JavaScript,0,0,0,NONE,50.0,PROVEN_SAFE,NONE
prog_001795,copilot,JavaScript,0,0,0,NONE,50.0,PROVEN_SAFE,NONE
prog_001796,copilot,JavaScript,0,0,0,NONE,50.0,PROVEN_SAFE,NONE
prog_001797,copilot,JavaScript,1,0,0,NONE,50.0,STATIC_FP_RISK,STATIC_ONLY
prog_001798,copilot,JavaScript,0,0,0,NONE,50.0,PROVEN_SAFE,NONE
prog_001799,copilot,JavaScript,1,0,0,NONE,50.0,STATIC_FP_RISK,STATIC_ONLY
prog_001800,copilot,JavaScript,1,0,0,NONE,50.0,STATIC_FP_RISK,STATIC_ONLY
prog_001801,copilot,JavaScript,1,0,0,NONE,50.0,STATIC_FP_RISK,STATIC_ONLY
prog_001802,copilot,JavaScript,1,0,0,NONE,50.0,STATIC_FP_RISK,STATIC_ONLY
prog_001803,copilot,JavaScript,0,0,0,NONE,50.0,PROVEN_SAFE,NONE
prog_001804,copilot,JavaScript,0,0,0,NONE,50.0,PROVEN_SAFE,NONE
prog_001805,copilot,JavaScript,0,0,0,NONE,50.0,PROVEN_SAFE,NONE
prog_001806,copilot,JavaScript,0,0,0,NONE,50.0,PROVEN_SAFE,NONE
prog_001807,copilot,JavaScript,1,0,0,NONE,50.0,STATIC_FP_RISK,STATIC_ONLY
prog_001808,copilot,JavaScript,0,0,0,NONE,50.0,PROVEN_SAFE,NONE
prog_001809,copilot,JavaScript,1,0,0,NONE,50.0,STATIC_FP_RISK,STATIC_ONLY
prog_001810,copilot,JavaScript,1,0,0,NONE,50.0,STATIC_FP_RISK,STATIC_ONLY
prog_001811,copilot,JavaScript,1,0,0,NONE,50.0,STATIC_FP_RISK,STATIC_ONLY
prog_001812,copilot,JavaScript,0,0,0,NONE,50.0,PROVEN_SAFE,NONE
prog_001813,copilot,JavaScript,1,0,0,NONE,50.0,STATIC_FP_RISK,STATIC_ONLY
prog_001814,copilot,JavaScript,0,0,0,NONE,50.0,PROVEN_SAFE,NONE
prog_001815,copilot,JavaScript,0,0,1,CWE-94,50.0,DYNAMIC_DISCOVERY,DYNAMIC_ONLY
prog_001816,copilot,JavaScript,1,0,0,NONE,50.0,STATIC_FP_RISK,STATIC_ONLY
prog_001817,copilot,JavaScript,1,0,0,NONE,50.0,STATIC_FP_RISK,STATIC_ONLY
prog_001818,copilot,JavaScript,0,0,0,NONE,50.0,PROVEN_SAFE,NONE
prog_001819,copilot,JavaScript,1,0,0,NONE,50.0,STATIC_FP_RISK,STATIC_ONLY
prog_001820,copilot,JavaScript,0,0,0,NONE,50.0,PROVEN_SAFE,NONE
prog_001821,copilot,JavaScript,1,0,0,NONE,50.0,STATIC_FP_RISK,STATIC_ONLY
prog_001822,copilot,JavaScript,0,0,0,NONE,50.0,PROVEN_SAFE,NONE
prog_001823,copilot,JavaScript,0,0,0,NONE,50.0,PROVEN_SAFE,NONE
prog_001824,copilot,JavaScript,0,0,0,NONE,50.0,PROVEN_SAFE,NONE
prog_001825,copilot,JavaScript,1,0,1,CWE-79,50.0,CONFIRMED_VULNERABLE,STATIC_DYNAMIC
prog_001826,copilot,JavaScript,0,0,0,NONE,50.0,PROVEN_SAFE,NONE
prog_001827,copilot,JavaScript,1,0,0,NONE,50.0,STATIC_FP_RISK,STATIC_ONLY
prog_001828,copilot,JavaScript,0,0,0,NONE,50.0,PROVEN_SAFE,NONE
prog_001829,copilot,JavaScript,0,0,0,NONE,50.0,PROVEN_SAFE,NONE
prog_001830,copilot,JavaScript,1,0,0,NONE,50.0,STATIC_FP_RISK,STATIC_ONLY
prog_001831,copilot,JavaScript,1,0,0,NONE,50.0,STATIC_FP_RISK,STATIC_ONLY
prog_001832,copilot,JavaScript,1,0,0,NONE,50.0,STATIC_FP_RISK,STATIC_ONLY
prog_001833,copilot,JavaScript,0,0,0,NONE,50.0,PROVEN_SAFE,NONE
prog_001834,copilot,JavaScript,0,0,0,NONE,50.0,PROVEN_SAFE,NONE
prog_001835,copilot,JavaScript,0,0,0,NONE,50.0,PROVEN_SAFE,NONE
prog_001836,copilot,JavaScript,1,0,0,NONE,50.0,STATIC_FP_RISK,STATIC_ONLY
prog_001837,copilot,JavaScript,0,0,0,NONE,50.0,PROVEN_SAFE,NONE
prog_001838,copilot,JavaScript,0,0,0,NONE,50.0,PROVEN_SAFE,NONE
prog_001839,copilot,JavaScript,0,0,0,NONE,50.0,PROVEN_SAFE,NONE
prog_001840,copilot,JavaScript,0,0,0,NONE,50.0,PROVEN_SAFE,NONE
prog_001841,copilot,JavaScript,1,0,0,NONE,50.0,STATIC_FP_RISK,STATIC_ONLY
prog_001842,copilot,JavaScript,0,0,0,NONE,50.0,PROVEN_SAFE,NONE
prog_001843,copilot,JavaScript,0,0,0,NONE,50.0,PROVEN_SAFE,NONE
prog_001844,copilot,JavaScript,1,0,0,NONE,50.0,STATIC_FP_RISK,STATIC_ONLY
prog_001845,copilot,JavaScript,1,0,0,NONE,50.0,STATIC_FP_RISK,STATIC_ONLY
prog_001846,copilot,JavaScript,1,0,0,NONE,50.0,STATIC_FP_RISK,STATIC_ONLY
prog_001847,copilot,JavaScript,1,0,0,NONE,50.0,STATIC_FP_RISK,STATIC_ONLY
prog_001848,copilot,JavaScript,0,0,0,NONE,50.0,PROVEN_SAFE,NONE
prog_001849,copilot,JavaScript,0,0,0,NONE,50.0,PROVEN_SAFE,NONE
prog_001850,copilot,JavaScript,1,0,0,NONE,50.0,STATIC_FP_RISK,STATIC_ONLY
prog_001851,copilot,JavaScript,1,0,0,NONE,50.0,STATIC_FP_RISK,STATIC_ONLY
prog_001852,copilot,JavaScript,1,0,0,NONE,50.0,STATIC_FP_RISK,STATIC_ONLY
prog_001853,copilot,JavaScript,1,0,0,NONE,50.0,STATIC_FP_RISK,STATIC_ONLY
prog_001854,copilot,JavaScript,1,0,1,CWE-95,50.0,CONFIRMED_VULNERABLE,STATIC_DYNAMIC
prog_001855,copilot,JavaScript,1,0,0,NONE,50.0,STATIC_FP_RISK,STATIC_ONLY
prog_001856,copilot,JavaScript,1,0,0,NONE,50.0,STATIC_FP_RISK,STATIC_ONLY
prog_001857,copilot,JavaScript,0,0,0,NONE,50.0,PROVEN_SAFE,NONE
prog_001858,copilot,JavaScript,0,0,0,NONE,50.0,PROVEN_SAFE,NONE
prog_001859,copilot,JavaScript,1,0,0,NONE,50.0,STATIC_FP_RISK,STATIC_ONLY
prog_001860,copilot,JavaScript,0,0,0,NONE,50.0,PROVEN_SAFE,NONE
prog_001861,copilot,JavaScript,1,0,0,NONE,50.0,STATIC_FP_RISK,STATIC_ONLY
prog_001862,copilot,JavaScript,1,0,0,NONE,50.0,STATIC_FP_RISK,STATIC_ONLY
prog_001863,copilot,JavaScript,1,0,1,CWE-94,50.0,CONFIRMED_VULNERABLE,STATIC_DYNAMIC
prog_001864,copilot,JavaScript,1,0,0,NONE,50.0,STATIC_FP_RISK,STATIC_ONLY
prog_001865,copilot,JavaScript,1,0,0,NONE,50.0,STATIC_FP_RISK,STATIC_ONLY
prog_001866,copilot,JavaScript,1,0,0,NONE,50.0,STATIC_FP_RISK,STATIC_ONLY
prog_001867,copilot,JavaScript,1,0,1,CWE-95,50.0,CONFIRMED_VULNERABLE,STATIC_DYNAMIC
prog_001868,copilot,JavaScript,0,0,0,NONE,50.0,PROVEN_SAFE,NONE
prog_001869,copilot,JavaScript,0,0,0,NONE,50.0,PROVEN_SAFE,NONE
prog_001870,copilot,JavaScript,0,0,1,CWE-94,50.0,DYNAMIC_DISCOVERY,DYNAMIC_ONLY
prog_001871,copilot,JavaScript,0,0,0,NONE,50.0,PROVEN_SAFE,NONE
prog_001872,copilot,JavaScript,1,0,0,NONE,50.0,STATIC_FP_RISK,STATIC_ONLY
prog_001873,copilot,JavaScript,1,0,0,NONE,50.0,STATIC_FP_RISK,STATIC_ONLY
prog_001874,copilot,JavaScript,0,0,0,NONE,50.0,PROVEN_SAFE,NONE
prog_001875,copilot,JavaScript,1,0,0,NONE,50.0,STATIC_FP_RISK,STATIC_ONLY
prog_001876,copilot,JavaScript,1,0,0,NONE,50.0,STATIC_FP_RISK,STATIC_ONLY
prog_001877,copilot,JavaScript,1,0,0,NONE,50.0,STATIC_FP_RISK,STATIC_ONLY
prog_001878,copilot,JavaScript,1,0,0,NONE,50.0,STATIC_FP_RISK,STATIC_ONLY
prog_001879,copilot,JavaScript,0,0,0,NONE,50.0,PROVEN_SAFE,NONE
prog_001880,copilot,JavaScript,0,0,0,NONE,50.0,PROVEN_SAFE,NONE
prog_001881,copilot,JavaScript,1,0,0,NONE,50.0,STATIC_FP_RISK,STATIC_ONLY
prog_001882,copilot,JavaScript,1,0,0,NONE,50.0,STATIC_FP_RISK,STATIC_ONLY
prog_001883,copilot,JavaScript,1,0,0,NONE,50.0,STATIC_FP_RISK,STATIC_ONLY
prog_001884,copilot,JavaScript,0,0,0,NONE,50.0,PROVEN_SAFE,NONE
prog_001885,copilot,JavaScript,1,0,0,NONE,50.0,STATIC_FP_RISK,STATIC_ONLY
prog_001886,copilot,JavaScript,0,0,0,NONE,50.0,PROVEN_SAFE,NONE
prog_001887,copilot,JavaScript,0,0,0,NONE,50.0,PROVEN_SAFE,NONE
prog_001888,copilot,JavaScript,1,0,0,NONE,50.0,STATIC_FP_RISK,STATIC_ONLY
prog_001889,copilot,JavaScript,0,0,0,NONE,50.0,PROVEN_SAFE,NONE
prog_001890,copilot,JavaScript,0,0,0,NONE,50.0,PROVEN_SAFE,NONE
prog_001891,copilot,JavaScript,1,0,0,NONE,50.0,STATIC_FP_RISK,STATIC_ONLY
prog_001892,copilot,JavaScript,0,0,0,NONE,50.0,PROVEN_SAFE,NONE
prog_001893,copilot,JavaScript,1,0,0,NONE,50.0,STATIC_FP_RISK,STATIC_ONLY
prog_001894,copilot,JavaScript,0,0,0,NONE,50.0,PROVEN_SAFE,NONE
prog_001895,copilot,JavaScript,0,0,0,NONE,50.0,PROVEN_SAFE,NONE
prog_001896,copilot,JavaScript,0,0,0,NONE,50.0,PROVEN_SAFE,NONE
prog_001897,copilot,JavaScript,1,0,0,NONE,50.0,STATIC_FP_RISK,STATIC_ONLY
prog_001898,copilot,JavaScript,1,0,0,NONE,50.0,STATIC_FP_RISK,STATIC_ONLY
prog_001899,copilot,JavaScript,1,0,0,NONE,50.0,STATIC_FP_RISK,STATIC_ONLY
prog_001900,copilot,JavaScript,1,0,0,NONE,50.0,STATIC_FP_RISK,STATIC_ONLY
prog_001901,copilot,JavaScript,1,0,0,NONE,50.0,STATIC_FP_RISK,STATIC_ONLY
prog_001902,copilot,JavaScript,1,0,0,NONE,50.0,STATIC_FP_RISK,STATIC_ONLY
prog_001903,copilot,JavaScript,1,0,0,NONE,50.0,STATIC_FP_RISK,STATIC_ONLY
prog_001904,copilot,JavaScript,1,0,1,CWE-79,50.0,CONFIRMED_VULNERABLE,STATIC_DYNAMIC
prog_001905,copilot,JavaScript,1,0,0,NONE,50.0,STATIC_FP_RISK,STATIC_ONLY
prog_001906,copilot,JavaScript,1,0,0,NONE,50.0,STATIC_FP_RISK,STATIC_ONLY
prog_001907,copilot,JavaScript,1,0,0,NONE,50.0,STATIC_FP_RISK,STATIC_ONLY
prog_001908,copilot,JavaScript,0,0,0,NONE,50.0,PROVEN_SAFE,NONE
prog_001909,copilot,JavaScript,1,0,0,NONE,50.0,STATIC_FP_RISK,STATIC_ONLY
prog_001910,copilot,JavaScript,1,0,0,NONE,50.0,STATIC_FP_RISK,STATIC_ONLY
prog_001911,copilot,JavaScript,0,0,0,NONE,50.0,PROVEN_SAFE,NONE
prog_001912,copilot,JavaScript,0,0,0,NONE,50.0,PROVEN_SAFE,NONE
prog_001913,copilot,JavaScript,1,0,0,NONE,50.0,STATIC_FP_RISK,STATIC_ONLY
prog_001914,copilot,JavaScript,0,0,0,NONE,50.0,PROVEN_SAFE,NONE
prog_001915,copilot,JavaScript,1,0,1,CWE-79,50.0,CONFIRMED_VULNERABLE,STATIC_DYNAMIC
prog_001916,copilot,JavaScript,0,0,0,NONE,50.0,PROVEN_SAFE,NONE
prog_001917,copilot,JavaScript,0,0,0,NONE,50.0,PROVEN_SAFE,NONE
prog_001918,copilot,JavaScript,1,0,0,NONE,50.0,STATIC_FP_RISK,STATIC_ONLY
prog_001919,copilot,JavaScript,1,0,0,NONE,50.0,STATIC_FP_RISK,STATIC_ONLY
prog_001920,copilot,JavaScript,1,0,0,NONE,50.0,STATIC_FP_RISK,STATIC_ONLY
prog_001921,copilot,JavaScript,1,0,0,NONE,50.0,STATIC_FP_RISK,STATIC_ONLY
prog_001922,copilot,JavaScript,1,0,0,NONE,50.0,STATIC_FP_RISK,STATIC_ONLY
prog_001923,copilot,JavaScript,1,0,1,CWE-94,50.0,CONFIRMED_VULNERABLE,STATIC_DYNAMIC
prog_001924,copilot,JavaScript,0,0,0,NONE,50.0,PROVEN_SAFE,NONE
prog_001925,copilot,JavaScript,1,0,0,NONE,50.0,STATIC_FP_RISK,STATIC_ONLY
prog_001926,copilot,JavaScript,0,0,0,NONE,50.0,PROVEN_SAFE,NONE
prog_001927,copilot,JavaScript,0,0,0,NONE,50.0,PROVEN_SAFE,NONE
prog_001928,copilot,JavaScript,1,0,0,NONE,50.0,STATIC_FP_RISK,STATIC_ONLY
prog_001929,copilot,JavaScript,0,0,0,NONE,50.0,PROVEN_SAFE,NONE
prog_001930,copilot,JavaScript,0,0,1,CWE-94,50.0,DYNAMIC_DISCOVERY,DYNAMIC_ONLY
prog_001931,copilot,JavaScript,0,0,0,NONE,50.0,PROVEN_SAFE,NONE
prog_001932,copilot,JavaScript,0,0,0,NONE,50.0,PROVEN_SAFE,NONE
prog_001933,copilot,JavaScript,1,0,1,CWE-79,50.0,CONFIRMED_VULNERABLE,STATIC_DYNAMIC
prog_001934,copilot,JavaScript,1,0,0,NONE,50.0,STATIC_FP_RISK,STATIC_ONLY
prog_001935,copilot,JavaScript,1,0,0,NONE,50.0,STATIC_FP_RISK,STATIC_ONLY
prog_001936,copilot,JavaScript,0,0,0,NONE,50.0,PROVEN_SAFE,NONE
prog_001937,copilot,JavaScript,1,0,0,NONE,50.0,STATIC_FP_RISK,STATIC_ONLY
prog_001938,copilot,JavaScript,0,0,0,NONE,50.0,PROVEN_SAFE,NONE
prog_001939,copilot,JavaScript,0,0,0,NONE,50.0,PROVEN_SAFE,NONE
prog_001940,copilot,JavaScript,0,0,0,NONE,50.0,PROVEN_SAFE,NONE
prog_001941,copilot,JavaScript,1,0,0,NONE,50.0,STATIC_FP_RISK,STATIC_ONLY
prog_001942,copilot,JavaScript,0,0,0,NONE,50.0,PROVEN_SAFE,NONE
prog_001943,copilot,JavaScript,1,0,0,NONE,50.0,STATIC_FP_RISK,STATIC_ONLY
prog_001944,copilot,JavaScript,0,0,0,NONE,50.0,PROVEN_SAFE,NONE
prog_001945,copilot,JavaScript,0,0,0,NONE,50.0,PROVEN_SAFE,NONE
prog_001946,copilot,JavaScript,1,0,0,NONE,50.0,STATIC_FP_RISK,STATIC_ONLY
prog_001947,copilot,JavaScript,1,0,0,NONE,50.0,STATIC_FP_RISK,STATIC_ONLY
prog_001948,copilot,JavaScript,0,0,0,NONE,50.0,PROVEN_SAFE,NONE
prog_001949,copilot,JavaScript,1,0,0,NONE,50.0,STATIC_FP_RISK,STATIC_ONLY
prog_001950,copilot,JavaScript,1,0,0,NONE,50.0,STATIC_FP_RISK,STATIC_ONLY
prog_001951,copilot,JavaScript,1,0,0,NONE,50.0,STATIC_FP_RISK,STATIC_ONLY
prog_001952,copilot,JavaScript,1,0,1,CWE-95,50.0,CONFIRMED_VULNERABLE,STATIC_DYNAMIC
prog_001953,copilot,JavaScript,1,0,0,NONE,50.0,STATIC_FP_RISK,STATIC_ONLY
prog_001954,copilot,JavaScript,1,0,0,NONE,50.0,STATIC_FP_RISK,STATIC_ONLY
prog_001955,copilot,JavaScript,1,0,0,NONE,50.0,STATIC_FP_RISK,STATIC_ONLY
prog_001956,copilot,JavaScript,1,0,0,NONE,50.0,STATIC_FP_RISK,STATIC_ONLY
prog_001957,copilot,JavaScript,1,0,0,NONE,50.0,STATIC_FP_RISK,STATIC_ONLY
prog_001958,copilot,JavaScript,1,0,0,NONE,50.0,STATIC_FP_RISK,STATIC_ONLY
prog_001959,copilot,JavaScript,1,0,0,NONE,50.0,STATIC_FP_RISK,STATIC_ONLY
prog_001960,copilot,JavaScript,0,0,0,NONE,50.0,PROVEN_SAFE,NONE
prog_001961,copilot,JavaScript,0,0,0,NONE,50.0,PROVEN_SAFE,NONE
prog_001962,copilot,JavaScript,1,0,0,NONE,50.0,STATIC_FP_RISK,STATIC_ONLY
prog_001963,copilot,JavaScript,1,0,0,NONE,50.0,STATIC_FP_RISK,STATIC_ONLY
prog_001964,copilot,JavaScript,1,0,0,NONE,50.0,STATIC_FP_RISK,STATIC_ONLY
prog_001965,copilot,JavaScript,1,0,0,NONE,50.0,STATIC_FP_RISK,STATIC_ONLY
prog_001966,copilot,JavaScript,1,0,1,CWE-95,50.0,CONFIRMED_VULNERABLE,STATIC_DYNAMIC
prog_001967,copilot,JavaScript,1,0,0,NONE,50.0,STATIC_FP_RISK,STATIC_ONLY
prog_001968,copilot,JavaScript,1,0,0,NONE,50.0,STATIC_FP_RISK,STATIC_ONLY
prog_001969,copilot,JavaScript,0,0,0,NONE,50.0,PROVEN_SAFE,NONE
prog_001970,copilot,JavaScript,1,0,0,NONE,50.0,STATIC_FP_RISK,STATIC_ONLY
prog_001971,copilot,JavaScript,1,0,0,NONE,50.0,STATIC_FP_RISK,STATIC_ONLY
prog_001972,copilot,JavaScript,1,0,0,NONE,50.0,STATIC_FP_RISK,STATIC_ONLY
prog_001973,copilot,JavaScript,1,0,0,NONE,50.0,STATIC_FP_RISK,STATIC_ONLY
prog_001974,copilot,JavaScript,0,0,0,NONE,50.0,PROVEN_SAFE,NONE
prog_001975,copilot,JavaScript,1,0,1,CWE-79,50.0,CONFIRMED_VULNERABLE,STATIC_DYNAMIC
prog_001976,copilot,JavaScript,1,0,0,NONE,50.0,STATIC_FP_RISK,STATIC_ONLY
prog_001977,copilot,JavaScript,0,0,0,NONE,50.0,PROVEN_SAFE,NONE
prog_001978,copilot,JavaScript,1,0,0,NONE,50.0,STATIC_FP_RISK,STATIC_ONLY
prog_001979,copilot,JavaScript,0,0,1,CWE-94,50.0,DYNAMIC_DISCOVERY,DYNAMIC_ONLY
prog_001980,copilot,JavaScript,1,0,1,CWE-79,50.0,CONFIRMED_VULNERABLE,STATIC_DYNAMIC
prog_001981,copilot,JavaScript,1,0,0,NONE,50.0,STATIC_FP_RISK,STATIC_ONLY
prog_001982,copilot,JavaScript,1,0,0,NONE,50.0,STATIC_FP_RISK,STATIC_ONLY
prog_001983,copilot,JavaScript,1,0,0,NONE,50.0,STATIC_FP_RISK,STATIC_ONLY
prog_001984,copilot,JavaScript,1,0,0,NONE,50.0,STATIC_FP_RISK,STATIC_ONLY
prog_001985,copilot,JavaScript,1,0,1,CWE-94,50.0,CONFIRMED_VULNERABLE,STATIC_DYNAMIC
prog_001986,copilot,JavaScript,1,0,0,NONE,50.0,STATIC_FP_RISK,STATIC_ONLY
prog_001987,copilot,JavaScript,0,0,0,NONE,50.0,PROVEN_SAFE,NONE
prog_001988,copilot,JavaScript,0,0,0,NONE,50.0,PROVEN_SAFE,NONE
prog_001989,copilot,JavaScript,1,0,0,NONE,50.0,STATIC_FP_RISK,STATIC_ONLY
prog_001990,copilot,JavaScript,0,0,0,NONE,50.0,PROVEN_SAFE,NONE
prog_001991,copilot,JavaScript,0,0,0,NONE,50.0,PROVEN_SAFE,NONE
prog_001992,copilot,JavaScript,0,0,0,NONE,50.0,PROVEN_SAFE,NONE
prog_001993,copilot,JavaScript,0,0,0,NONE,50.0,PROVEN_SAFE,NONE
prog_001994,copilot,JavaScript,1,0,1,CWE-95,50.0,CONFIRMED_VULNERABLE,STATIC_DYNAMIC
prog_001995,copilot,JavaScript,0,0,0,NONE,50.0,PROVEN_SAFE,NONE
prog_001996,copilot,JavaScript,1,0,0,NONE,50.0,STATIC_FP_RISK,STATIC_ONLY
prog_001997,copilot,JavaScript,1,0,1,CWE-95,50.0,CONFIRMED_VULNERABLE,STATIC_DYNAMIC
prog_001998,copilot,JavaScript,1,0,0,NONE,50.0,STATIC_FP_RISK,STATIC_ONLY
prog_001999,copilot,JavaScript,0,0,0,NONE,50.0,PROVEN_SAFE,NONE
prog_002000,copilot,JavaScript,0,0,0,NONE,50.0,PROVEN_SAFE,NONE
prog_002001,copilot,JavaScript,1,0,0,NONE,50.0,STATIC_FP_RISK,STATIC_ONLY
prog_002002,copilot,JavaScript,0,0,0,NONE,50.0,PROVEN_SAFE,NONE
prog_002003,copilot,JavaScript,0,0,0,NONE,50.0,PROVEN_SAFE,NONE
prog_002004,copilot,JavaScript,1,0,0,NONE,50.0,STATIC_FP_RISK,STATIC_ONLY
prog_002005,copilot,JavaScript,1,0,0,NONE,50.0,STATIC_FP_RISK,STATIC_ONLY
prog_002006,copilot,JavaScript,1,0,0,NONE,50.0,STATIC_FP_RISK,STATIC_ONLY
prog_002007,copilot,JavaScript,1,0,0,NONE,50.0,STATIC_FP_RISK,STATIC_ONLY
prog_002008,copilot,JavaScript,1,0,0,NONE,50.0,STATIC_FP_RISK,STATIC_ONLY
prog_002009,copilot,JavaScript,1,0,0,NONE,50.0,STATIC_FP_RISK,STATIC_ONLY
prog_002010,copilot,JavaScript,1,0,0,NONE,50.0,STATIC_FP_RISK,STATIC_ONLY
prog_002011,copilot,JavaScript,0,0,0,NONE,50.0,PROVEN_SAFE,NONE
prog_002012,copilot,JavaScript,0,0,0,NONE,50.0,PROVEN_SAFE,NONE
prog_002013,copilot,JavaScript,1,0,0,NONE,50.0,STATIC_FP_RISK,STATIC_ONLY
prog_002014,copilot,JavaScript,0,0,0,NONE,50.0,PROVEN_SAFE,NONE
prog_002015,copilot,JavaScript,1,0,0,NONE,50.0,STATIC_FP_RISK,STATIC_ONLY
prog_002016,copilot,JavaScript,0,0,0,NONE,50.0,PROVEN_SAFE,NONE
prog_002017,copilot,JavaScript,1,0,0,NONE,50.0,STATIC_FP_RISK,STATIC_ONLY
prog_002018,copilot,JavaScript,0,0,0,NONE,50.0,PROVEN_SAFE,NONE
prog_002019,copilot,JavaScript,0,0,0,NONE,50.0,PROVEN_SAFE,NONE
prog_002020,copilot,JavaScript,1,0,0,NONE,50.0,STATIC_FP_RISK,STATIC_ONLY
prog_002021,copilot,JavaScript,0,0,0,NONE,50.0,PROVEN_SAFE,NONE
prog_002022,copilot,JavaScript,0,0,0,NONE,50.0,PROVEN_SAFE,NONE
prog_002023,copilot,JavaScript,1,0,0,NONE,50.0,STATIC_FP_RISK,STATIC_ONLY
prog_002024,copilot,JavaScript,1,0,0,NONE,50.0,STATIC_FP_RISK,STATIC_ONLY
prog_002025,copilot,JavaScript,0,0,0,NONE,50.0,PROVEN_SAFE,NONE
prog_002026,copilot,JavaScript,1,0,0,NONE,50.0,STATIC_FP_RISK,STATIC_ONLY
prog_002027,copilot,JavaScript,1,0,0,NONE,50.0,STATIC_FP_RISK,STATIC_ONLY
prog_002028,copilot,JavaScript,1,0,0,NONE,50.0,STATIC_FP_RISK,STATIC_ONLY
prog_002029,copilot,JavaScript,1,0,0,NONE,50.0,STATIC_FP_RISK,STATIC_ONLY
prog_002030,copilot,JavaScript,1,0,0,NONE,50.0,STATIC_FP_RISK,STATIC_ONLY
prog_002031,copilot,JavaScript,1,0,0,NONE,50.0,STATIC_FP_RISK,STATIC_ONLY
prog_002032,copilot,JavaScript,1,0,0,NONE,50.0,STATIC_FP_RISK,STATIC_ONLY
prog_002033,copilot,JavaScript,0,0,0,NONE,50.0,PROVEN_SAFE,NONE
prog_002034,copilot,JavaScript,1,0,0,NONE,50.0,STATIC_FP_RISK,STATIC_ONLY
prog_002035,copilot,JavaScript,1,0,0,NONE,50.0,STATIC_FP_RISK,STATIC_ONLY
prog_002036,copilot,JavaScript,0,0,0,NONE,50.0,PROVEN_SAFE,NONE
prog_002037,copilot,JavaScript,0,0,0,NONE,50.0,PROVEN_SAFE,NONE
prog_002038,copilot,JavaScript,1,0,0,NONE,50.0,STATIC_FP_RISK,STATIC_ONLY
prog_002039,copilot,JavaScript,1,0,0,NONE,50.0,STATIC_FP_RISK,STATIC_ONLY
prog_002040,copilot,JavaScript,1,0,0,NONE,50.0,STATIC_FP_RISK,STATIC_ONLY
prog_002041,copilot,JavaScript,1,0,1,CWE-94,50.0,CONFIRMED_VULNERABLE,STATIC_DYNAMIC
prog_002042,copilot,JavaScript,0,0,0,NONE,50.0,PROVEN_SAFE,NONE
prog_002043,copilot,JavaScript,1,0,0,NONE,50.0,STATIC_FP_RISK,STATIC_ONLY
prog_002044,copilot,JavaScript,0,0,0,NONE,50.0,PROVEN_SAFE,NONE
prog_002045,copilot,JavaScript,1,0,0,NONE,50.0,STATIC_FP_RISK,STATIC_ONLY
prog_002046,copilot,JavaScript,1,0,0,NONE,50.0,STATIC_FP_RISK,STATIC_ONLY
prog_002047,copilot,JavaScript,0,0,0,NONE,50.0,PROVEN_SAFE,NONE
prog_002048,copilot,JavaScript,0,0,0,NONE,50.0,PROVEN_SAFE,NONE
prog_002049,copilot,JavaScript,1,0,0,NONE,50.0,STATIC_FP_RISK,STATIC_ONLY
prog_002050,copilot,JavaScript,0,0,0,NONE,50.0,PROVEN_SAFE,NONE
prog_002051,copilot,JavaScript,1,0,0,NONE,50.0,STATIC_FP_RISK,STATIC_ONLY
prog_002052,copilot,JavaScript,0,0,0,NONE,50.0,PROVEN_SAFE,NONE
prog_002053,copilot,JavaScript,0,0,0,NONE,50.0,PROVEN_SAFE,NONE
prog_002054,copilot,JavaScript,1,0,0,NONE,50.0,STATIC_FP_RISK,STATIC_ONLY
prog_002055,copilot,JavaScript,0,0,0,NONE,50.0,PROVEN_SAFE,NONE
prog_002056,copilot,JavaScript,1,0,0,NONE,50.0,STATIC_FP_RISK,STATIC_ONLY
prog_002057,copilot,JavaScript,0,0,0,NONE,50.0,PROVEN_SAFE,NONE
prog_002058,copilot,JavaScript,1,0,0,NONE,50.0,STATIC_FP_RISK,STATIC_ONLY
prog_002059,copilot,JavaScript,1,0,1,CWE-95,50.0,CONFIRMED_VULNERABLE,STATIC_DYNAMIC
prog_002060,copilot,JavaScript,0,0,0,NONE,50.0,PROVEN_SAFE,NONE
prog_002061,copilot,JavaScript,1,0,0,NONE,50.0,STATIC_FP_RISK,STATIC_ONLY
prog_002062,copilot,JavaScript,0,0,1,CWE-94,50.0,DYNAMIC_DISCOVERY,DYNAMIC_ONLY
prog_002063,copilot,JavaScript,1,0,0,NONE,50.0,STATIC_FP_RISK,STATIC_ONLY
prog_002064,copilot,JavaScript,1,0,0,NONE,50.0,STATIC_FP_RISK,STATIC_ONLY
prog_002065,copilot,JavaScript,1,0,0,NONE,50.0,STATIC_FP_RISK,STATIC_ONLY
prog_002066,copilot,JavaScript,0,0,0,NONE,50.0,PROVEN_SAFE,NONE
prog_002067,copilot,JavaScript,1,0,0,NONE,50.0,STATIC_FP_RISK,STATIC_ONLY
prog_002068,copilot,JavaScript,0,0,1,CWE-95,50.0,DYNAMIC_DISCOVERY,DYNAMIC_ONLY
prog_002069,copilot,JavaScript,1,0,0,NONE,50.0,STATIC_FP_RISK,STATIC_ONLY
prog_002070,copilot,JavaScript,0,0,0,NONE,50.0,PROVEN_SAFE,NONE
prog_002071,copilot,JavaScript,1,0,0,NONE,50.0,STATIC_FP_RISK,STATIC_ONLY
prog_002072,copilot,JavaScript,1,0,0,NONE,50.0,STATIC_FP_RISK,STATIC_ONLY
prog_002073,copilot,JavaScript,0,0,0,NONE,50.0,PROVEN_SAFE,NONE
prog_002074,copilot,JavaScript,1,0,0,NONE,50.0,STATIC_FP_RISK,STATIC_ONLY
prog_002075,copilot,JavaScript,0,0,0,NONE,50.0,PROVEN_SAFE,NONE
prog_002076,copilot,JavaScript,0,0,0,NONE,50.0,PROVEN_SAFE,NONE
prog_002077,copilot,JavaScript,1,0,0,NONE,50.0,STATIC_FP_RISK,STATIC_ONLY
prog_002078,copilot,JavaScript,1,0,0,NONE,50.0,STATIC_FP_RISK,STATIC_ONLY
prog_002079,copilot,JavaScript,0,0,0,NONE,50.0,PROVEN_SAFE,NONE
prog_002080,copilot,JavaScript,0,0,1,CWE-95,50.0,DYNAMIC_DISCOVERY,DYNAMIC_ONLY
prog_002081,copilot,JavaScript,0,0,0,NONE,50.0,PROVEN_SAFE,NONE
prog_002082,copilot,JavaScript,1,0,0,NONE,50.0,STATIC_FP_RISK,STATIC_ONLY
prog_002083,copilot,JavaScript,1,0,0,NONE,50.0,STATIC_FP_RISK,STATIC_ONLY
prog_002084,copilot,JavaScript,0,0,0,NONE,50.0,PROVEN_SAFE,NONE
prog_002085,copilot,JavaScript,1,0,0,NONE,50.0,STATIC_FP_RISK,STATIC_ONLY
prog_002086,copilot,JavaScript,1,0,0,NONE,50.0,STATIC_FP_RISK,STATIC_ONLY
prog_002087,copilot,JavaScript,1,0,1,CWE-95,50.0,CONFIRMED_VULNERABLE,STATIC_DYNAMIC
prog_002088,copilot,JavaScript,0,0,1,CWE-94,50.0,DYNAMIC_DISCOVERY,DYNAMIC_ONLY
prog_002089,copilot,JavaScript,0,0,0,NONE,50.0,PROVEN_SAFE,NONE
prog_002090,copilot,JavaScript,0,0,0,NONE,50.0,PROVEN_SAFE,NONE
prog_002091,copilot,JavaScript,1,0,0,NONE,50.0,STATIC_FP_RISK,STATIC_ONLY
prog_002092,copilot,JavaScript,1,0,0,NONE,50.0,STATIC_FP_RISK,STATIC_ONLY
prog_002093,copilot,JavaScript,1,0,0,NONE,50.0,STATIC_FP_RISK,STATIC_ONLY
prog_002094,copilot,JavaScript,1,0,0,NONE,50.0,STATIC_FP_RISK,STATIC_ONLY
prog_002095,copilot,JavaScript,0,0,0,NONE,50.0,PROVEN_SAFE,NONE
prog_002096,copilot,JavaScript,1,0,0,NONE,50.0,STATIC_FP_RISK,STATIC_ONLY
prog_002097,copilot,JavaScript,1,0,0,NONE,50.0,STATIC_FP_RISK,STATIC_ONLY
prog_002098,copilot,JavaScript,0,0,0,NONE,50.0,PROVEN_SAFE,NONE
prog_002099,copilot,JavaScript,0,0,0,NONE,50.0,PROVEN_SAFE,NONE
prog_002100,copilot,JavaScript,0,0,1,CWE-94,50.0,DYNAMIC_DISCOVERY,DYNAMIC_ONLY
prog_002101,copilot,JavaScript,1,0,0,NONE,50.0,STATIC_FP_RISK,STATIC_ONLY
prog_002102,copilot,JavaScript,0,0,0,NONE,50.0,PROVEN_SAFE,NONE
prog_002103,copilot,JavaScript,1,0,0,NONE,50.0,STATIC_FP_RISK,STATIC_ONLY
prog_002104,copilot,JavaScript,1,0,0,NONE,50.0,STATIC_FP_RISK,STATIC_ONLY
prog_002105,copilot,JavaScript,0,0,0,NONE,50.0,PROVEN_SAFE,NONE
prog_002106,copilot,JavaScript,1,0,0,NONE,50.0,STATIC_FP_RISK,STATIC_ONLY
prog_002107,copilot,JavaScript,0,0,0,NONE,50.0,PROVEN_SAFE,NONE
prog_002108,copilot,JavaScript,1,0,0,NONE,50.0,STATIC_FP_RISK,STATIC_ONLY
prog_002109,copilot,JavaScript,1,0,0,NONE,50.0,STATIC_FP_RISK,STATIC_ONLY
prog_002110,copilot,JavaScript,1,0,1,CWE-95,50.0,CONFIRMED_VULNERABLE,STATIC_DYNAMIC
prog_002111,copilot,JavaScript,1,0,0,NONE,50.0,STATIC_FP_RISK,STATIC_ONLY
prog_002112,copilot,JavaScript,1,0,1,CWE-95,50.0,CONFIRMED_VULNERABLE,STATIC_DYNAMIC
prog_002113,copilot,JavaScript,0,0,0,NONE,50.0,PROVEN_SAFE,NONE
prog_002114,copilot,JavaScript,1,0,0,NONE,50.0,STATIC_FP_RISK,STATIC_ONLY
prog_002115,copilot,JavaScript,1,0,0,NONE,50.0,STATIC_FP_RISK,STATIC_ONLY
prog_002116,copilot,JavaScript,0,0,0,NONE,50.0,PROVEN_SAFE,NONE
prog_002117,copilot,JavaScript,0,0,0,NONE,50.0,PROVEN_SAFE,NONE
prog_002118,copilot,JavaScript,1,0,0,NONE,50.0,STATIC_FP_RISK,STATIC_ONLY
prog_002119,copilot,JavaScript,1,0,0,NONE,50.0,STATIC_FP_RISK,STATIC_ONLY
prog_002120,copilot,JavaScript,0,0,0,NONE,50.0,PROVEN_SAFE,NONE
prog_002121,copilot,JavaScript,1,0,0,NONE,50.0,STATIC_FP_RISK,STATIC_ONLY
prog_002122,copilot,JavaScript,0,0,0,NONE,50.0,PROVEN_SAFE,NONE
prog_002123,copilot,JavaScript,0,0,0,NONE,50.0,PROVEN_SAFE,NONE
prog_002124,copilot,JavaScript,1,0,0,NONE,50.0,STATIC_FP_RISK,STATIC_ONLY
prog_002125,copilot,JavaScript,0,0,0,NONE,50.0,PROVEN_SAFE,NONE
prog_002126,copilot,JavaScript,0,0,0,NONE,50.0,PROVEN_SAFE,NONE
prog_002127,copilot,JavaScript,0,0,0,NONE,50.0,PROVEN_SAFE,NONE
prog_002128,copilot,JavaScript,1,0,0,NONE,50.0,STATIC_FP_RISK,STATIC_ONLY
prog_002129,copilot,JavaScript,0,0,0,NONE,50.0,PROVEN_SAFE,NONE
prog_002130,copilot,JavaScript,1,0,0,NONE,50.0,STATIC_FP_RISK,STATIC_ONLY
prog_002131,copilot,JavaScript,1,0,0,NONE,50.0,STATIC_FP_RISK,STATIC_ONLY
prog_002132,copilot,JavaScript,1,0,0,NONE,50.0,STATIC_FP_RISK,STATIC_ONLY
prog_002133,copilot,JavaScript,0,0,1,CWE-94,50.0,DYNAMIC_DISCOVERY,DYNAMIC_ONLY
prog_002134,copilot,JavaScript,1,0,0,NONE,50.0,STATIC_FP_RISK,STATIC_ONLY
prog_002135,copilot,JavaScript,0,0,0,NONE,50.0,PROVEN_SAFE,NONE
prog_002136,copilot,JavaScript,1,0,0,NONE,50.0,STATIC_FP_RISK,STATIC_ONLY
prog_002137,copilot,JavaScript,1,0,0,NONE,50.0,STATIC_FP_RISK,STATIC_ONLY
prog_002138,copilot,JavaScript,1,0,0,NONE,50.0,STATIC_FP_RISK,STATIC_ONLY
prog_002139,copilot,JavaScript,0,0,0,NONE,50.0,PROVEN_SAFE,NONE
prog_002140,copilot,JavaScript,0,0,0,NONE,50.0,PROVEN_SAFE,NONE
prog_002141,copilot,JavaScript,0,0,0,NONE,50.0,PROVEN_SAFE,NONE
prog_002142,copilot,JavaScript,1,0,0,NONE,50.0,STATIC_FP_RISK,STATIC_ONLY
prog_002143,copilot,JavaScript,1,0,0,NONE,50.0,STATIC_FP_RISK,STATIC_ONLY
prog_002144,copilot,JavaScript,1,0,0,NONE,50.0,STATIC_FP_RISK,STATIC_ONLY
prog_002145,copilot,JavaScript,1,0,0,NONE,50.0,STATIC_FP_RISK,STATIC_ONLY
prog_002146,copilot,JavaScript,1,0,0,NONE,50.0,STATIC_FP_RISK,STATIC_ONLY
prog_002147,copilot,JavaScript,1,0,0,NONE,50.0,STATIC_FP_RISK,STATIC_ONLY
prog_002148,copilot,JavaScript,0,0,0,NONE,50.0,PROVEN_SAFE,NONE
prog_002149,copilot,JavaScript,1,0,0,NONE,50.0,STATIC_FP_RISK,STATIC_ONLY
prog_002150,copilot,JavaScript,0,0,0,NONE,50.0,PROVEN_SAFE,NONE
prog_002151,copilot,JavaScript,0,0,0,NONE,50.0,PROVEN_SAFE,NONE
prog_002152,copilot,JavaScript,1,0,0,NONE,50.0,STATIC_FP_RISK,STATIC_ONLY
prog_002153,copilot,JavaScript,1,0,0,NONE,50.0,STATIC_FP_RISK,STATIC_ONLY
prog_002154,copilot,JavaScript,0,0,0,NONE,50.0,PROVEN_SAFE,NONE
prog_002155,copilot,JavaScript,0,0,0,NONE,50.0,PROVEN_SAFE,NONE
prog_002156,copilot,JavaScript,0,0,0,NONE,50.0,PROVEN_SAFE,NONE
prog_002157,copilot,JavaScript,1,0,0,NONE,50.0,STATIC_FP_RISK,STATIC_ONLY
prog_002158,copilot,JavaScript,1,0,0,NONE,50.0,STATIC_FP_RISK,STATIC_ONLY
prog_002159,copilot,JavaScript,1,0,1,CWE-94,50.0,CONFIRMED_VULNERABLE,STATIC_DYNAMIC
prog_002160,copilot,JavaScript,1,0,0,NONE,50.0,STATIC_FP_RISK,STATIC_ONLY
prog_002161,copilot,JavaScript,1,0,0,NONE,50.0,STATIC_FP_RISK,STATIC_ONLY
prog_002162,copilot,JavaScript,1,0,1,CWE-79,50.0,CONFIRMED_VULNERABLE,STATIC_DYNAMIC
prog_002163,copilot,JavaScript,1,0,0,NONE,50.0,STATIC_FP_RISK,STATIC_ONLY
prog_002164,copilot,JavaScript,1,0,0,NONE,50.0,STATIC_FP_RISK,STATIC_ONLY
prog_002165,copilot,JavaScript,1,0,0,NONE,50.0,STATIC_FP_RISK,STATIC_ONLY
prog_002166,copilot,JavaScript,1,0,1,CWE-94,50.0,CONFIRMED_VULNERABLE,STATIC_DYNAMIC
prog_002167,copilot,JavaScript,1,0,0,NONE,50.0,STATIC_FP_RISK,STATIC_ONLY
prog_002168,copilot,JavaScript,0,0,0,NONE,50.0,PROVEN_SAFE,NONE
prog_002169,copilot,JavaScript,0,0,0,NONE,50.0,PROVEN_SAFE,NONE
prog_002170,copilot,JavaScript,1,0,0,NONE,50.0,STATIC_FP_RISK,STATIC_ONLY
prog_002171,copilot,JavaScript,1,0,0,NONE,50.0,STATIC_FP_RISK,STATIC_ONLY
prog_002172,copilot,JavaScript,1,0,0,NONE,50.0,STATIC_FP_RISK,STATIC_ONLY
prog_002173,copilot,JavaScript,1,0,1,CWE-79,50.0,CONFIRMED_VULNERABLE,STATIC_DYNAMIC
prog_002174,copilot,JavaScript,1,0,0,NONE,50.0,STATIC_FP_RISK,STATIC_ONLY
prog_002175,copilot,JavaScript,0,0,0,NONE,50.0,PROVEN_SAFE,NONE
prog_002176,copilot,JavaScript,1,0,0,NONE,50.0,STATIC_FP_RISK,STATIC_ONLY
prog_002177,copilot,JavaScript,0,0,0,NONE,50.0,PROVEN_SAFE,NONE
prog_002178,copilot,JavaScript,1,0,0,NONE,50.0,STATIC_FP_RISK,STATIC_ONLY
prog_002179,copilot,JavaScript,0,0,0,NONE,50.0,PROVEN_SAFE,NONE
prog_002180,copilot,JavaScript,1,0,0,NONE,50.0,STATIC_FP_RISK,STATIC_ONLY
prog_002181,copilot,JavaScript,0,0,0,NONE,50.0,PROVEN_SAFE,NONE
prog_002182,copilot,JavaScript,0,0,1,CWE-94,50.0,DYNAMIC_DISCOVERY,DYNAMIC_ONLY
prog_002183,copilot,JavaScript,1,0,1,CWE-79,50.0,CONFIRMED_VULNERABLE,STATIC_DYNAMIC
prog_002184,copilot,JavaScript,1,0,0,NONE,50.0,STATIC_FP_RISK,STATIC_ONLY
prog_002185,copilot,JavaScript,1,0,1,CWE-95,50.0,CONFIRMED_VULNERABLE,STATIC_DYNAMIC
prog_002186,copilot,JavaScript,1,0,0,NONE,50.0,STATIC_FP_RISK,STATIC_ONLY
prog_002187,copilot,JavaScript,0,0,0,NONE,50.0,PROVEN_SAFE,NONE
prog_002188,copilot,JavaScript,0,0,0,NONE,50.0,PROVEN_SAFE,NONE
prog_002189,copilot,JavaScript,1,0,1,CWE-95,50.0,CONFIRMED_VULNERABLE,STATIC_DYNAMIC
prog_002190,copilot,JavaScript,0,0,0,NONE,50.0,PROVEN_SAFE,NONE
prog_002191,copilot,JavaScript,1,0,0,NONE,50.0,STATIC_FP_RISK,STATIC_ONLY
prog_002192,copilot,JavaScript,1,0,0,NONE,50.0,STATIC_FP_RISK,STATIC_ONLY
prog_002193,copilot,JavaScript,0,0,0,NONE,50.0,PROVEN_SAFE,NONE
prog_002194,copilot,JavaScript,1,0,0,NONE,50.0,STATIC_FP_RISK,STATIC_ONLY
prog_002195,copilot,JavaScript,1,0,0,NONE,50.0,STATIC_FP_RISK,STATIC_ONLY
prog_002196,copilot,JavaScript,1,0,0,NONE,50.0,STATIC_FP_RISK,STATIC_ONLY
prog_002197,copilot,JavaScript,1,0,0,NONE,50.0,STATIC_FP_RISK,STATIC_ONLY
prog_002198,copilot,JavaScript,1,0,0,NONE,50.0,STATIC_FP_RISK,STATIC_ONLY
prog_002199,copilot,JavaScript,1,0,0,NONE,50.0,STATIC_FP_RISK,STATIC_ONLY
prog_002200,copilot,JavaScript,0,0,0,NONE,50.0,PROVEN_SAFE,NONE
prog_002201,copilot,JavaScript,1,0,0,NONE,50.0,STATIC_FP_RISK,STATIC_ONLY
prog_002202,copilot,JavaScript,0,0,0,NONE,50.0,PROVEN_SAFE,NONE
prog_002203,copilot,JavaScript,1,0,0,NONE,50.0,STATIC_FP_RISK,STATIC_ONLY
prog_002204,copilot,JavaScript,1,0,0,NONE,50.0,STATIC_FP_RISK,STATIC_ONLY
prog_002205,copilot,JavaScript,1,0,0,NONE,50.0,STATIC_FP_RISK,STATIC_ONLY
prog_002206,copilot,JavaScript,0,0,0,NONE,50.0,PROVEN_SAFE,NONE
prog_002207,copilot,JavaScript,1,0,0,NONE,50.0,STATIC_FP_RISK,STATIC_ONLY
prog_002208,copilot,JavaScript,1,0,0,NONE,50.0,STATIC_FP_RISK,STATIC_ONLY
prog_002209,copilot,JavaScript,1,0,0,NONE,50.0,STATIC_FP_RISK,STATIC_ONLY
prog_002210,copilot,JavaScript,0,0,0,NONE,50.0,PROVEN_SAFE,NONE
prog_002211,copilot,JavaScript,1,0,0,NONE,50.0,STATIC_FP_RISK,STATIC_ONLY
prog_002212,copilot,JavaScript,1,0,1,CWE-95,50.0,CONFIRMED_VULNERABLE,STATIC_DYNAMIC
prog_002213,copilot,JavaScript,1,0,0,NONE,50.0,STATIC_FP_RISK,STATIC_ONLY
prog_002214,copilot,JavaScript,1,0,0,NONE,50.0,STATIC_FP_RISK,STATIC_ONLY
prog_002215,copilot,JavaScript,0,0,0,NONE,50.0,PROVEN_SAFE,NONE
prog_002216,copilot,JavaScript,1,0,0,NONE,50.0,STATIC_FP_RISK,STATIC_ONLY
prog_002217,copilot,JavaScript,0,0,0,NONE,50.0,PROVEN_SAFE,NONE
prog_002218,copilot,JavaScript,1,0,0,NONE,50.0,STATIC_FP_RISK,STATIC_ONLY
prog_002219,copilot,JavaScript,0,0,0,NONE,50.0,PROVEN_SAFE,NONE
prog_002220,copilot,JavaScript,1,0,0,NONE,50.0,STATIC_FP_RISK,STATIC_ONLY
prog_002221,copilot,JavaScript,0,0,0,NONE,50.0,PROVEN_SAFE,NONE
prog_002222,copilot,JavaScript,1,0,0,NONE,50.0,STATIC_FP_RISK,STATIC_ONLY
prog_002223,copilot,JavaScript,1,0,0,NONE,50.0,STATIC_FP_RISK,STATIC_ONLY
prog_002224,copilot,JavaScript,0,0,0,NONE,50.0,PROVEN_SAFE,NONE
prog_002225,copilot,JavaScript,1,0,0,NONE,50.0,STATIC_FP_RISK,STATIC_ONLY
prog_002226,copilot,JavaScript,0,0,0,NONE,50.0,PROVEN_SAFE,NONE
prog_002227,copilot,JavaScript,1,0,1,CWE-79,50.0,CONFIRMED_VULNERABLE,STATIC_DYNAMIC
prog_002228,copilot,JavaScript,1,0,0,NONE,50.0,STATIC_FP_RISK,STATIC_ONLY
prog_002229,copilot,JavaScript,1,0,0,NONE,50.0,STATIC_FP_RISK,STATIC_ONLY
prog_002230,copilot,JavaScript,1,0,0,NONE,50.0,STATIC_FP_RISK,STATIC_ONLY
prog_002231,copilot,JavaScript,1,0,0,NONE,50.0,STATIC_FP_RISK,STATIC_ONLY
prog_002232,copilot,JavaScript,1,0,0,NONE,50.0,STATIC_FP_RISK,STATIC_ONLY
prog_002233,copilot,JavaScript,0,0,0,NONE,50.0,PROVEN_SAFE,NONE
prog_002234,copilot,JavaScript,0,0,0,NONE,50.0,PROVEN_SAFE,NONE
prog_002235,copilot,JavaScript,1,0,0,NONE,50.0,STATIC_FP_RISK,STATIC_ONLY
prog_002236,copilot,JavaScript,1,0,0,NONE,50.0,STATIC_FP_RISK,STATIC_ONLY
